Turma;Idade;Sexo;Orientação;Religião;Presenciou Bullyng;Meio de transporte;Tempo de locomoção;Passe Escolar;Dificuldade de chegar no Horário;Quem te acorda?;Renda Mensal;Programa Social;Situação Conjugal;Moradia;Escolaridade do Responsável;Situação Alimentar;Ocupação do responsável;Importância do Estudo;Horas de estudo diária;Português;Inglês;Espanhol;Artes;Educação Física;História;Geografia;Sociologia;Filosofia;Matemática;Física;Química;Biologia;Após o horário de aula;Livros por ano;Em relação a pergunta anterior, os livros que você lê são;Ensino Fundamental
2º C;15;Feminino;;;Não;Carro próprio;Até 10 minutos;Não;Não;Você acorda sozinho;De 5000 a 10000 reais;Não;Vivem separados;Própria;Estudou até o 9º ano;Todos os dias temos ao menos 3 refeições;Trabalha por conta própria;4;Não estudo em casa.;2;0;1;4;10;5;4;3;3;0;0;0;5;Arrumar a casa;Nenhum;Nenhum;pinguinho de gente 
3º A;18;Masculino;;;Não;Transporte coletivo;De 20 a 30 minutos;Não;Não;Você acorda sozinho;De 5000 a 10000 reais;Não;Vivem juntos;Própria;Pós Graduação;Todos os dias temos ao menos 3 refeições;Tem emprego fixo;6;Uma hora;6;8;4;10;4;7;6;7;7;4;6;6;5;Arrumar a casa, Olhar os meus irmãos;Três;Livros científicos;São Damiano
2º C;16;Feminino;Bissexual;;Não;A Pé;De 10 a 20 minutos;Sim;As vezes;Você acorda sozinho;De 1000 a 2000 reais;Não;Vivem juntos;Própria;Ensino Superior;Todos os dias temos ao menos 3 refeições;Tem emprego fixo;10;Três horas;8;7;6;7;10;9;10;10;10;10;10;8;7;Trabalho, Arrumar a casa, Olhar os meus irmãos, Estudar, Somente Lazer;Cinco ou mais;Os indicados na escola, Livros literários de minha preferência;Ecovam
2º C;16;Masculino;Bissexual;;Não;Skate;Até 10 minutos;Não;Não;Você acorda sozinho;De 1000 a 2000 reais;Não;Vivem separados;Própria;Estudou até o Ensino Médio;Todos os dias temos ao menos 3 refeições;Tem emprego fixo;10;Menos de 1 hora;9;10;8;10;10;10;10;10;10;8;5;5;10;Fazer atividade Física, Somente Lazer;Três;Livros literários de minha preferência;Ecovam
2º B;16;Masculino;Heterossexual;Cristão;Não;A Pé;De 10 a 20 minutos;Sim;Não;Você acorda sozinho;De 2000 a 3000 reais;Não;Vivem separados;Alugada;Estudou até o Ensino Médio;Todos os dias temos ao menos 3 refeições;Tem emprego fixo;6;Menos de 1 hora;4;2;0;8;10;8;6;6;5;8;4;2;4;Trabalho, Somente Lazer;Dois;Litgh novel;Jalles machado
2º C;16;Masculino;Heterossexual;Não tem;Não;Carona;Até 10 minutos;Não;Não;Você acorda sozinho;De 2000 a 3000 reais;Não;Vivem juntos;Alugada;Pós Graduação;Todos os dias temos ao menos 3 refeições;Tem emprego fixo;8;Não estudo em casa.;10;10;0;5;10;5;8;10;10;0;5;0;9;Fazer atividade Física;Dois;Os indicados na escola;Jalles Machado
2º C;15;Masculino;Heterossexual;Cristão;Não;Carro próprio;Até 10 minutos;Sim;Não;O seu responsável te acorda;De 1000 a 2000 reais;Não;Vivem juntos;Própria;Ensino Superior;Todos os dias temos ao menos 3 refeições;Tem emprego fixo;10;Duas horas;8;9;10;10;10;8;9;10;10;10;10;10;9;Arrumar a casa, Estudar;Cinco ou mais;Os indicados na escola, Livros literários de minha preferência;São Damiano
2º A;17;Masculino;;;;A Pé;Até 10 minutos;Não;Não;Você acorda sozinho;Até 1000 reais;Não sei;Vivem juntos;Alugada;Estudou até o Ensino Médio;Todos os dias temos ao menos 3 refeições;Tem emprego fixo;10;Não estudo em casa.;4;3;4;7;10;7;8;7;5;5;4;4;7;Somente Lazer;Um;Os indicados na escola;Araújo Lima
3º A;18;Feminino;Bissexual ;;Não ;Transporte coletivo;De 20 a 30 minutos;Sim;Não;Você acorda sozinho;De 1000 a 2000 reais;Sim;Vivem juntos;Própria;Estudou até o Ensino Médio;Todos os dias temos ao menos 3 refeições;Trabalha por conta própria;10;Não estudo em casa.;5;3;3;10;10;6;6;7;5;3;3;3;5;Trabalho, Somente Lazer;Um;Livros literários de minha preferência;Joaquim Machado Teixeira 
2º B;15;Masculino;Sem Definição;Ateu;Não ;A Pé;De 20 a 30 minutos;Não;Não;Você acorda sozinho;Até 1000 reais;Não;Pai ou Mãe falecido;Própria;Estudou até o 9º ano;Todos os dias temos ao menos 3 refeições;Trabalha por conta própria;7;Menos de 1 hora;3;6;7;9;10;5;5;5;5;9;8;8;9;Arrumar a casa, Estudar, Fazer atividade Física;Cinco ou mais;Os indicados na escola, Livros literários de minha preferência;Presidente Arthur
2º B;16;Feminino;Bissexual;Ateu;Não ;Carro próprio;Até 10 minutos;Não;Não;Você acorda sozinho;De 1000 a 2000 reais;Sim;Vivem separados;Própria;Estudou até o Ensino Médio;Todos os dias temos ao menos 3 refeições;Trabalha por conta própria;9;Menos de 1 hora;8;10;0;9;0;3;7;7;2;9;7;8;8;Estudar, Fazer atividade Física;Nenhum;Os indicados na escola, Nenhum;São Damiano
2º C;15;Feminino;Bissexual;Não tem;Não ;Transporte coletivo;De 10 a 20 minutos;Sim;Não;Você acorda sozinho;Até 1000 reais;Não;Vivem separados;Alugada;Estudou somente até o 5º ano;Todos os dias temos ao menos 3 refeições;Tem emprego fixo;10;Menos de 1 hora;4;5;2;7;7;8;6;7;7;9;1;3;8;Arrumar a casa, Estudar, Somente Lazer;Cinco ou mais;Os indicados na escola, Livros literários de minha preferência;Marieta Telles
2º C;16;Feminino;Heterossexual;Católica ;Não ;A Pé;De 10 a 20 minutos;Não;Não;Você acorda sozinho;Até 1000 reais;Sim;Vivem separados;Alugada;Estudou até o Ensino Médio;Tem dias em que temos menos de 3 refeições;Tem emprego fixo;9;Não estudo em casa.;5;3;4;6;10;7;8;8;7;7;6;6;6;Arrumar a casa, Olhar os meus irmãos;Um;Os indicados na escola;Aécio 
2º A;17;Masculino;Heterossexual;Evangélica ;Não ;Carro próprio;Até 10 minutos;Sim;Não;Você acorda sozinho;De 5000 a 10000 reais;Não;Vivem separados;Própria;Estudou até o 9º ano;Todos os dias temos ao menos 3 refeições;Possui o próprio negócio;10;Menos de 1 hora;10;7;1;10;10;10;8;8;10;5;6;6;5;Arrumar a casa, Estudar, Somente Lazer;Nenhum;Os indicados na escola, Livros literários de minha preferência, Livros científicos;Araújo Lima
2º B;16;Masculino;Heterossexual;;Não ;Moto;Até 10 minutos;Não;Não;O seu responsável te acorda;De 1000 a 2000 reais;Não;Vivem juntos;Própria;Estudou até o Ensino Médio;Todos os dias temos ao menos 3 refeições;Tem emprego fixo;10;Uma hora;9;9;7;8;9;9;9;9;9;9;9;7;9;Arrumar a casa, Estudar, Somente Lazer;Um;Os indicados na escola;Presidente Arthur
2º B;17;Masculino;Heterossexual;Católica ;Não ;Carro próprio;De 10 a 20 minutos;Sim;Não;O seu responsável te acorda;De 2000 a 3000 reais;Não sei;Vivem juntos;Própria;Ensino Superior;Todos os dias temos ao menos 3 refeições;Está desempregado;9;Uma hora;8;6;2;10;10;7;7;8;6;6;6;5;6;Trabalho;Quatro;Os indicados na escola;Araújo Lima
2º A;16;Masculino;Heterossexual;;Sim;A Pé;De 10 a 20 minutos;Não;Não;Você acorda sozinho;Até 1000 reais;Não sei;Não conhece pai ou mãe;Alugada;Estudou somente até o 5º ano;Todos os dias temos ao menos 3 refeições;Tem emprego fixo;5;Menos de 1 hora;6;4;3;10;8;4;4;8;6;5;5;5;3;Arrumar a casa, Olhar os meus irmãos, Fazer atividade Física;Quatro;Livros literários de minha preferência;Presidente Arthur
2º A;16;Feminino;Heterossexual;;Sim;A Pé;De 10 a 20 minutos;Não;As vezes;O seu responsável te acorda;Até 1000 reais;Sim;Vivem separados;Alugada;Estudou até o 9º ano;Todos os dias temos ao menos 3 refeições;Tem emprego fixo;10;Menos de 1 hora;7;5;5;7;9;6;7;7;7;8;6;6;7;Arrumar a casa, Olhar os meus irmãos;Um;Livros literários de minha preferência;Presidente Arthur
3º A;16;Masculino;Heterossexual;Católica ;Não;Carona;Até 10 minutos;Não;Não;O seu responsável te acorda;De 2000 a 3000 reais;Não sei;Vivem separados;Própria;Estudou até o Ensino Médio;Todos os dias temos ao menos 3 refeições;Tem emprego fixo;9;Três horas;7;5;4;8;10;10;10;10;6;9;8;6;6;Somente Lazer;Cinco ou mais;Os indicados na escola, Livros literários de minha preferência;Ecovam
2º C;16;Feminino;Heterossexual;Cristão;Não;A Pé;De 20 a 30 minutos;Não;Não;O seu responsável te acorda;Até 1000 reais;Sim;Vivem juntos;Alugada;Estudou até o Ensino Médio;Todos os dias temos ao menos 3 refeições;Tem emprego fixo;6;Uma hora;8;7;9;4;3;4;7;7;4;5;6;1;8;Trabalho, Estudar;Três;Livros literários de minha preferência, Livros religiosos, Livros científicos;Ecovam
2º A;15;Feminino;Bissexual;;Não;A Pé;Até 10 minutos;Não;Não;Você acorda sozinho;De 1000 a 2000 reais;Não;Pai ou Mãe falecido;Própria;Estudou até o Ensino Médio;Todos os dias temos ao menos 3 refeições;Tem emprego fixo;8;Menos de 1 hora;8;7;6;8;7;7;7;9;8;3;3;3;8;Arrumar a casa;Um;Os indicados na escola;Ecovam
2º C;17;Feminino;Heterossexual;Católica ;Não;A Pé;Até 10 minutos;Não;Não;Você acorda sozinho;De 1000 a 2000 reais;Não;Vivem separados;Alugada;Estudou até o Ensino Médio;Todos os dias temos ao menos 3 refeições;Tem emprego fixo;10;Duas horas;8;5;0;6;7;6;8;7;6;5;4;4;6;Estudar;Nenhum;Nenhum;Em outro estado 
3º A;18;Feminino;Heterossexual;Evangélica;Não;A Pé;Até 10 minutos;Não;Não;Você acorda sozinho;De 2000 a 3000 reais;Não;Vivem separados;Alugada;Estudou até o 9º ano;Todos os dias temos ao menos 3 refeições;Tem emprego fixo;9;Uma hora;8;8;7;9;9;8;7;7;8;4;6;6;8;Arrumar a casa, Estudar;Dois;Os indicados na escola, Livros literários de minha preferência;Ecovam
2º C;16;Masculino;;Cristão;Não;Bicicleta;Até 10 minutos;Sim;Não;Você acorda sozinho;De 1000 a 2000 reais;Não;Vivem separados;Própria;Estudou até o Ensino Médio;Todos os dias temos ao menos 3 refeições;Tem emprego fixo;8;Não estudo em casa.;6;8;5;9;10;6;5;5;5;6;7;8;7;Arrumar a casa, Estudar;Dois;Os indicados na escola, Livros literários de minha preferência;Cepi santa luzia
2º B;15;Masculino;Heterossexual;;Sim;Bicicleta;De 20 a 30 minutos;Não;Não;Você acorda sozinho;De 3000 a 5000 reais;Não;Não conhece pai ou mãe;Alugada;Estudou até o Ensino Médio;Todos os dias temos ao menos 3 refeições;Possui o próprio negócio;9;Não estudo em casa.;7;4;5;6;8;6;6;6;8;10;9;7;8;Somente Lazer;Quatro;Os indicados na escola;Araújo Lima
3º A;17;Feminino;Bissexual;Católica ;;A Pé;De 10 a 20 minutos;Não;As vezes;Você acorda sozinho;De 1000 a 2000 reais;Não;Pai ou Mãe falecido;Alugada;Estudou até o Ensino Médio;Todos os dias temos ao menos 3 refeições;Tem emprego fixo;5;Uma hora;6;4;4;7;8;6;6;5;6;6;6;5;6;Olhar os meus irmãos;Um;Os indicados na escola;Ecovam
2º A;16;Masculino;Heterossexual;Evangélica;Não ;A Pé;De 10 a 20 minutos;Sim;Sim;Você acorda sozinho;De 1000 a 2000 reais;Não sei;Vivem juntos;Alugada;Estudou até o Ensino Médio;Tem dias em que temos menos de 3 refeições;Tem emprego fixo;7;Não estudo em casa.;5;10;10;4;2;4;2;4;6;9;10;10;5;Trabalhar;Nenhum;Nenhum;Presidente Arthur
2º A;17;Masculino;Heterossexual;Católica ;Não ;Carro próprio;Até 10 minutos;Não;Não;Você acorda sozinho;De 5000 a 10000 reais;Não;Vivem juntos;Própria;Ensino Superior;Todos os dias temos ao menos 3 refeições;Tem emprego fixo;8;Não estudo em casa.;6;5;5;7;10;7;9;8;4;10;6;6;10;Trabalho, Arrumar a casa, Fazer atividade Física;Nenhum;Nenhum;Ecovam
3º A;17;Masculino;Heterossexual;Cristão ;Não ;Carro próprio;De 10 a 20 minutos;Não;Não;Você acorda sozinho;De 1000 a 2000 reais;Não sei;Vivem juntos;Própria;Estudou até o Ensino Médio;Todos os dias temos ao menos 3 refeições;Possui o próprio negócio;8;Menos de 1 hora;6;3;3;6;6;6;5;5;6;8;5;0;6;Trabalho, Olhar os meus irmãos;Um;Livros literários de minha preferência;Marieta Telles
2º B;16;Masculino;Heterossexual;;Não ;A Pé;De 10 a 20 minutos;Não;Não;Você acorda sozinho;De 2000 a 3000 reais;Sim;Vivem juntos;Própria;Estudou somente até o 5º ano;Todos os dias temos ao menos 3 refeições;Tem emprego fixo;8;Menos de 1 hora;7;6;4;7;8;7;6;6;7;9;8;7;7;Arrumar a casa, Somente Lazer;Nenhum;Nenhum;Presidente Arthur
2º B;16;Feminino;Heterossexual;Evangélica;Não ;Bicicleta;De 10 a 20 minutos;Não;Sim;Você acorda sozinho;Até 1000 reais;Não;Vivem separados;Própria;Ensino Superior;Todos os dias temos ao menos 3 refeições;Tem emprego fixo;10;Duas horas;9;5;10;9;10;5;7;8;5;8;5;8;10;Arrumar a casa, Somente Lazer;Cinco ou mais;Os indicados na escola, Livros literários de minha preferência, Livros religiosos;E.M. Professora Amelia
2º B;17;Feminino;Heterossexual;;Não ;A Pé;Até 10 minutos;Não;Não;Você acorda sozinho;De 1000 a 2000 reais;Não;Vivem separados;Alugada;Ensino Superior;Todos os dias temos ao menos 3 refeições;Está desempregado;10;Menos de 1 hora;9;1;0;6;10;7;8;7;6;6;3;4;8;Arrumar a casa;Cinco ou mais;Livros literários de minha preferência;Em uma escola no Pará 
3º A;16;Masculino;Heterossexual;Cristão;Não ;Carro próprio;Até 10 minutos;Não;Não;Você acorda sozinho;De 2000 a 3000 reais;Não;Vivem separados;Alugada;Estudou até o Ensino Médio;Todos os dias temos ao menos 3 refeições;Trabalha por conta própria;8;Não estudo em casa.;8;4;4;4;10;4;4;4;4;9;9;6;4;Fazer atividade Física;Nenhum;Nenhum;Presidente Arthur
2º A;16;Feminino;Heterossexual;Católica ;Não ;A Pé;De 10 a 20 minutos;Não;Não;Você acorda sozinho;Até 1000 reais;Não;Vivem juntos;Cedida;Estudou até o 9º ano;Todos os dias temos ao menos 3 refeições;Tem emprego fixo;10;Menos de 1 hora;7;7;6;7;7;7;7;7;7;7;7;7;7;Arrumar a casa, Fazer atividade Física;Três;Os indicados na escola, Livros literários de minha preferência;Ecovam
2º A;16;Masculino;;;;Carona;Até 10 minutos;Não;Não;Você acorda sozinho;De 2000 a 3000 reais;Não sei;Vivem juntos;Própria;Ensino Superior;Todos os dias temos ao menos 3 refeições;Tem emprego fixo;9;Não estudo em casa.;7;1;5;8;10;7;8;8;8;10;7;7;9;Arrumar a casa, Somente Lazer;Quatro;Os indicados na escola;Ecovam
2º B;16;Masculino;Heterossexual;Não tem;Não ;A Pé;De 20 a 30 minutos;Não;Não;Você acorda sozinho;De 1000 a 2000 reais;Não;Vivem juntos;Própria;Estudou até o 9º ano;Todos os dias temos ao menos 3 refeições;Tem emprego fixo;10;Menos de 1 hora;6;5;6;10;10;7;7;7;7;6;6;6;7;Arrumar a casa, Somente Lazer;Um;Os indicados na escola;Ecovam
1º A;14;Masculino;Heterossexual;;Não ;Bicicleta;Até 10 minutos;Não;Não;Você acorda sozinho;De 1000 a 2000 reais;Sim;Vivem juntos;Própria;Estudou até o Ensino Médio;Todos os dias temos ao menos 3 refeições;Tem emprego fixo;8;Uma hora;7;9;4;9;10;7;7;4;8;8;6;8;7;Arrumar a casa, Fazer atividade Física;Três;Livros literários de minha preferência;Ecovam
2º B;16;Feminino;Heterossexual;Cristão;Não ;Carro próprio;De 30 minutos a uma hora;Sim;Não;Você acorda sozinho;De 3000 a 5000 reais;Não sei;Vivem separados;Própria;Pós Graduação;Todos os dias temos ao menos 3 refeições;Tem emprego fixo;9;Uma hora;7;10;5;8;10;8;8;8;7;9;5;3;10;Arrumar a casa, Olhar os meus irmãos, Estudar, Fazer atividade Física;Dois;Livros literários de minha preferência, Auto-Ajuda, Lei da atração ;Ecovam
2º B;16;Feminino;Heterossexual;;Não ;Carro próprio;De 10 a 20 minutos;Não;Não;Você acorda sozinho;Até 1000 reais;Não;Vivem juntos;Alugada;Estudou até o 9º ano;Todos os dias temos ao menos 3 refeições;Tem emprego fixo;5;Não estudo em casa.;3;1;1;5;7;10;4;4;6;0;1;1;3;Arrumar a casa;Cinco ou mais;Livros literários de minha preferência;Presidente Arthur
2º A;16;Feminino;;Cristão;;A Pé;Até 10 minutos;Não;Não;Você acorda sozinho;De 1000 a 2000 reais;Não;Vivem separados;Alugada;Estudou até o Ensino Médio;Todos os dias temos ao menos 3 refeições;Tem emprego fixo;10;Uma hora;5;2;1;5;6;4;5;3;2;7;2;1;3;Arrumar a casa;Quatro;Os indicados na escola;Marieta Telles
3º B;16;Masculino;Heterossexual;Evangélica;Não;Bicicleta;De 10 a 20 minutos;Não;Não;Você acorda sozinho;De 2000 a 3000 reais;Não sei;Vivem juntos;Própria;Estudou somente até o 5º ano;Todos os dias temos ao menos 3 refeições;Trabalha por conta própria;7;Não estudo em casa.;5;4;5;8;10;8;7;8;6;9;9;6;5;Olhar os meus irmãos, Fazer atividade Física;Três;Os indicados na escola;Ecovam
2º B;15;Feminino;Heterossexual;Crê em Deus;Não;A Pé;De 10 a 20 minutos;Sim;Não;Você acorda sozinho;De 1000 a 2000 reais;Sim;Vivem separados;Própria;Não estudou;Todos os dias temos ao menos 3 refeições;Está desempregado;10;Duas horas;6;5;5;10;8;8;7;7;6;5;5;5;7;Somente Lazer;Nenhum;Nenhum;Ecovam
2º A;16;Feminino;Não sei;;Não;Carro próprio;Até 10 minutos;Não;Sim;O seu responsável te acorda;De 2000 a 3000 reais;Não;Vivem juntos;Alugada;Ensino Superior;Todos os dias temos ao menos 3 refeições;Tem emprego fixo;6;Uma hora;8;6;0;8;9;8;8;8;7;9;7;7;7;Arrumar a casa, Estudar, Somente Lazer;Quatro;Livros literários de minha preferência;Araújo Lima
2º A;15;Feminino;Heterossexual;Não tem;Não;Carro próprio;De 20 a 30 minutos;Não;Não;O seu responsável te acorda;Até 1000 reais;Não;Vivem separados;Própria;Ensino Superior;Todos os dias temos ao menos 3 refeições;Tem emprego fixo;10;Menos de 1 hora;7;5;8;9;9;7;7;8;8;3;4;5;8;Arrumar a casa, Estudar;Um;Livros literários de minha preferência;Sesi planalto 
3º A;16;Masculino;Heterossexual ;Evangélica;Sim;Carro próprio;Até 10 minutos;Sim;Não;Você acorda sozinho;De 2000 a 3000 reais;Não sei;Vivem separados;Própria;Ensino Superior;Todos os dias temos ao menos 3 refeições;Tem emprego fixo;10;Uma hora;6;6;5;7;8;8;7;6;6;9;9;9;7;Estudar, Fazer atividade Física;Três;Livros literários de minha preferência;Cepi Pré Universitário, Intelectual, Colégio Guilherme Ramos
3º A;16;Masculino;Heterossexual ;Católica ;Sim;Carro próprio;De 10 a 20 minutos;Não;Não;Você acorda sozinho;De 3000 a 5000 reais;Não sei;Vivem separados;Própria;Estudou até o Ensino Médio;Todos os dias temos ao menos 3 refeições;Tem emprego fixo;10;Uma hora;6;6;5;7;8;7;8;6;6;10;9;8;7;Arrumar a casa, Estudar, Fazer atividade Física;Dois;Livros literários de minha preferência;Ecovam
2º B;15;Feminino;;Evangélica ;Não ;A Pé;Até 10 minutos;Sim;Não;O seu responsável te acorda;De 1000 a 2000 reais;Não;Vivem separados;Alugada;Estudou somente até o 5º ano;Todos os dias temos menos de 3 refeições;Está desempregado;9;Uma hora;8;8;8;9;10;8;8;8;8;7;8;8;8;Arrumar a casa, Estudar, Somente Lazer;Três;Livros religiosos;Manoel de Nazareth dos Santos 
1º A;15;Feminino;Heterossexual;Evangélica;Não ;Transporte coletivo;De 20 a 30 minutos;Sim;Não;O seu responsável te acorda;De 1000 a 2000 reais;Sim;Não conhece pai ou mãe;Própria;Estudou até o Ensino Médio;Todos os dias temos ao menos 3 refeições;Tem emprego fixo;10;Menos de 1 hora;7;8;0;8;8;4;5;0;0;8;0;0;0;Arrumar a casa, Olhar os meus irmãos, Estudar;Cinco ou mais;Os indicados na escola, Livros literários de minha preferência, Livros religiosos;Marieta Telles
2º C;16;Masculino;Heterossexual;;;A Pé;De 10 a 20 minutos;Não;As vezes;Você acorda sozinho;De 2000 a 3000 reais;Sim;Vivem separados;Própria;Estudou até o Ensino Médio;Todos os dias temos ao menos 3 refeições;Tem emprego fixo;8;Não estudo em casa.;7;4;0;8;10;7;6;6;7;10;5;6;7;Arrumar a casa, jogar ff;Quatro;Os indicados na escola;Presidente Arthur
2º C;16;Masculino;Bissexual;;;Transporte coletivo;De 10 a 20 minutos;Sim;As vezes;Você acorda sozinho;De 2000 a 3000 reais;Não;Vivem juntos;Própria;Estudou até o 9º ano;Tem dias em que temos menos de 3 refeições;Tem emprego fixo;7;Não estudo em casa.;5;10;1;8;10;8;7;10;10;8;6;5;9;Arrumar a casa;Quatro;Os indicados na escola;São Damiano
3º B;16;Feminino;Bissexual;;Não;Carona;De 10 a 20 minutos;Não;Não;Você acorda sozinho;De 1000 a 2000 reais;Não;Vivem separados;Própria;Estudou até o Ensino Médio;Todos os dias temos ao menos 3 refeições;Tem emprego fixo;10;Três horas;7;2;4;7;7;7;7;7;7;5;5;5;7;Arrumar a casa, Olhar os meus irmãos, Estudar, Fazer atividade Física;Três;Os indicados na escola;Presidente Arthur
3º B;17;Feminino;Bissexual;Não tem;Não;Moto;Até 10 minutos;Não;As vezes;O seu responsável te acorda;Até 1000 reais;Não sei;Vivem separados;Alugada;Ensino Superior;Todos os dias temos ao menos 3 refeições;Trabalha ocasionalmente;8;Não estudo em casa.;5;7;8;5;10;10;5;5;5;0;5;6;5;Trabalho, Arrumar a casa, Fazer atividade Física;Nenhum;Nenhum;Araújo Lima
3º B;16;Masculino;Heterossexual;Católica ;Não;Bicicleta;De 10 a 20 minutos;Não;Não;Você acorda sozinho;De 2000 a 3000 reais;Não sei;Vivem juntos;Própria;Estudou somente até o 5º ano;Todos os dias temos ao menos 3 refeições;Possui o próprio negócio;9;Uma hora;8;7;6;8;10;8;8;7;7;9;8;7;7;Arrumar a casa, Olhar os meus irmãos, Fazer atividade Física;Três;Mangás ;Ecovam
3º A;17;Feminino;;;Não;Moto;De 10 a 20 minutos;Não;Não;Você acorda sozinho;De 1000 a 2000 reais;Não sei;Vivem separados;Alugada;Estudou até o Ensino Médio;Todos os dias temos ao menos 3 refeições;Tem emprego fixo;6;Uma hora;5;8;4;5;5;6;8;8;8;9;7;7;8;Arrumar a casa;Nenhum;Os indicados na escola;Araújo Lima
2º A;16;Neutro;Bissexual;Evangélica ;Sim;Carro próprio;Até 10 minutos;Não;Não;Você acorda sozinho;De 1000 a 2000 reais;Não sei;Vivem juntos;Própria;Ensino Superior;Todos os dias temos ao menos 3 refeições;Trabalha ocasionalmente;5;Não estudo em casa.;5;8;5;7;9;7;7;6;5;7;4;4;5;Arrumar a casa, Fazer atividade Física, Somente Lazer;Três;Os indicados na escola, Livros literários de minha preferência;São Damiano
1º B;15;Masculino;Heterossexual;Agnóstico ;Não ;A Pé;Até 10 minutos;Não;Não;Você acorda sozinho;De 2000 a 3000 reais;Não sei;Vivem separados;Alugada;Estudou até o 9º ano;Todos os dias temos ao menos 3 refeições;Possui o próprio negócio;9;Uma hora;8;7;5;10;7;7;8;5;5;9;9;5;5;Arrumar a casa;Um;Os indicados na escola;Araújo Lima
1º C;14;Feminino;Heterossexual;Cristão;Não ;A Pé;Até 10 minutos;Não;Não;Você acorda sozinho;De 1000 a 2000 reais;Não sei;Vivem separados;Alugada;Estudou somente até o 5º ano;Todos os dias temos ao menos 3 refeições;Tem emprego fixo;10;Duas horas;8;9;1;9;8;8;9;3;4;6;6;5;7;Arrumar a casa, Estudar, Fazer atividade Física, Somente Lazer;Cinco ou mais;Livros literários de minha preferência, Livros religiosos, Livros científicos;Ecovam
3º A;16;Feminino;Heterossexual;Católica ;Não ;A Pé;De 10 a 20 minutos;Não;As vezes;Você acorda sozinho;De 1000 a 2000 reais;Não;Vivem juntos;Própria;Estudou até o Ensino Médio;Todos os dias temos ao menos 3 refeições;Tem emprego fixo;10;Uma hora;8;6;7;9;8;9;8;8;8;5;5;5;8;Arrumar a casa;Dois;Os indicados na escola;Presidente Arthur
1º C;15;Feminino;;;Não ;Carro próprio;De 10 a 20 minutos;Não;Não;O seu responsável te acorda;De 2000 a 3000 reais;Não;Vivem juntos;Própria;Estudou até o Ensino Médio;Todos os dias temos ao menos 3 refeições;Tem emprego fixo;9;Menos de 1 hora;8;9;9;10;7;10;8;10;10;7;7;8;7;Arrumar a casa, Estudar, Fazer atividade Física;Cinco ou mais;Os indicados na escola, Livros literários de minha preferência, Auto-Ajuda;Ecovam
1º A;15;Feminino;Heterossexual;Evangélica ;Não ;Carro próprio;Até 10 minutos;Não;Não;Você acorda sozinho;De 3000 a 5000 reais;Não sei;Vivem juntos;Alugada;Estudou até o Ensino Médio;Todos os dias temos ao menos 3 refeições;;8;Uma hora;7;6;1;9;9;4;5;3;5;4;4;7;8;Arrumar a casa, Estudar, Fazer atividade Física;Três;Os indicados na escola, Livros religiosos, Romance;Ecovam
2º B;17;Masculino;;;Não ;Carro próprio;Até 10 minutos;Não;Não;Você acorda sozinho;Até 1000 reais;Não sei;Vivem juntos;Própria;Ensino Superior;Todos os dias temos ao menos 3 refeições;Está desempregado;10;Não estudo em casa.;6;3;3;5;10;4;4;4;3;6;3;3;3;Arrumar a casa, Fazer atividade Física;Nenhum;Nenhum;Marieta Telles
2º C;15;Feminino;;Evangélica ;Não ;Carro próprio;Até 10 minutos;Não;Não;Você acorda sozinho;De 1000 a 2000 reais;Não;Vivem juntos;Própria;Estudou até o Ensino Médio;Todos os dias temos ao menos 3 refeições;Trabalha por conta própria;10;Não estudo em casa.;7;4;5;7;5;3;3;3;3;10;8;8;6;Arrumar a casa, Olhar os meus irmãos;Dois;Nenhum;Ecovam
3º B;18;Masculino;Heterossexual ;Não tem;Não ;A Pé;De 10 a 20 minutos;Sim;Não;Você acorda sozinho;De 1000 a 2000 reais;Não;Vivem separados;Alugada;Estudou até o Ensino Médio;Todos os dias temos ao menos 3 refeições;Tem emprego fixo;8;Menos de 1 hora;10;7;9;10;10;8;8;10;10;7;7;9;8;Fazer atividade Física;Um;Os indicados na escola, Livros literários de minha preferência;Ecovam
1º B;15;Feminino;Heterossexual ;Católica ;Não ;Carro próprio;De 20 a 30 minutos;Não;As vezes;Você acorda sozinho;De 1000 a 2000 reais;Não;Vivem juntos;Própria;Estudou até o 9º ano;Todos os dias temos ao menos 3 refeições;Trabalha por conta própria;4;Não estudo em casa.;7;4;0;8;9;8;7;4;5;7;4;4;5;Trabalho, Arrumar a casa, Estudar;Cinco ou mais;Livros literários de minha preferência;Presidente Arthur
1º C;15;Feminino;Heterossexual ;Cristão;Não ;Carro próprio;Até 10 minutos;Sim;Não;O seu responsável te acorda;De 3000 a 5000 reais;Não;Vivem juntos;Própria;Estudou até o Ensino Médio;Todos os dias temos ao menos 3 refeições;Tem emprego fixo;9;Menos de 1 hora;9;7;6;10;7;9;8;7;10;6;7;9;10;Arrumar a casa, Olhar os meus irmãos, Estudar, Somente Lazer;Cinco ou mais;Livros literários de minha preferência;Presidente Arthur
2º B;15;Feminino;Bissexual;Espirita ;Não ;Moto;De 10 a 20 minutos;Não;As vezes;O seu responsável te acorda;De 1000 a 2000 reais;Sim;Vivem separados;Alugada;Estudou somente até o 5º ano;Todos os dias temos ao menos 3 refeições;Trabalha por conta própria;10;Menos de 1 hora;4;1;0;4;10;5;6;7;5;2;1;0;3;Arrumar a casa, Olhar os meus irmãos, Estudar, Somente Lazer;Nenhum;Nenhum;Ecovam
2º C;16;Masculino;Heterossexual;Cristão ;Não ;Transporte coletivo;De 10 a 20 minutos;Sim;Não;Você acorda sozinho;Até 1000 reais;Não;Vivem juntos;Própria;Estudou até o Ensino Médio;Todos os dias temos ao menos 3 refeições;Trabalha ocasionalmente;9;Não estudo em casa.;8;7;0;7;9;7;7;7;7;7;7;7;7;Arrumar a casa, Olhar os meus irmãos, Estudar, Fazer atividade Física;Um;Os indicados na escola;Araújo Lima
1º C;15;Feminino;Heterossexual;Evangélica ;Não ;A Pé;Até 10 minutos;Sim;Não;Você acorda sozinho;De 1000 a 2000 reais;Sim;Vivem juntos;Alugada;Ensino Superior;Todos os dias temos ao menos 3 refeições;Tem emprego fixo;10;Menos de 1 hora;7;6;4;8;9;7;7;5;6;7;6;6;7;Arrumar a casa;Dois;Livros literários de minha preferência, Livros religiosos;Nazir Safatle
3º B;17;Feminino;Heterossexual;Cristão;Sim;Carro próprio;De 10 a 20 minutos;Sim;Sim;Você acorda sozinho;De 1000 a 2000 reais;Não;Vivem juntos;Própria;Estudou até o Ensino Médio;Todos os dias temos ao menos 3 refeições;Trabalha por conta própria;10;Três horas;10;5;10;8;7;8;7;7;7;5;7;5;9;Arrumar a casa, Olhar os meus irmãos, Estudar;Cinco ou mais;Livros literários de minha preferência;Araújo Lima
1º A;15;Feminino;Heterossexual;Católica ;Não;A Pé;De 10 a 20 minutos;Não;Não;O seu responsável te acorda;De 2000 a 3000 reais;Não sei;Vivem separados;Alugada;Estudou até o Ensino Médio;Todos os dias temos ao menos 3 refeições;Trabalha por conta própria;10;Uma hora;7;5;0;10;7;7;9;9;7;7;7;7;8;Arrumar a casa;Nenhum;Nenhum;Ecovam
3º B;17;Feminino;Heterossexual;Evangélica;Sim ;Carro próprio;De 10 a 20 minutos;Sim;Sim;Você acorda sozinho;De 1000 a 2000 reais;Não;Vivem juntos;Alugada;Estudou até o Ensino Médio;Todos os dias temos ao menos 3 refeições;Trabalha por conta própria;10;Duas horas;8;3;6;7;7;8;7;6;6;5;5;5;6;Arrumar a casa, Estudar;Quatro;Livros literários de minha preferência;Araújo Lima
2º B;16;Feminino;Heterossexual;Evangélica ;Não ;Carro próprio;Até 10 minutos;Não;Não;Você acorda sozinho;De 2000 a 3000 reais;Não;Vivem separados;Própria;Estudou até o Ensino Médio;Todos os dias temos ao menos 3 refeições;Tem emprego fixo;9;Menos de 1 hora;7;3;5;8;9;7;7;8;7;6;7;6;6;Estudar;Um;Os indicados na escola;Instituto San Damiano 
1º A;14;Feminino;Bissexual;;Não ;Carona;Até 10 minutos;Não;Não;Você acorda sozinho;Até 1000 reais;Não sei;Vivem juntos;Própria;Ensino Superior;Todos os dias temos ao menos 3 refeições;Tem emprego fixo;7;Não estudo em casa.;5;6;7;8;10;6;6;5;4;3;6;6;7;Somente Lazer;Cinco ou mais;Livros literários de minha preferência;Ecovam
1º C;15;Feminino;Bissexual;;Não ;A Pé;Até 10 minutos;Não;Não;Você acorda sozinho;De 2000 a 3000 reais;Não;Vivem juntos;Alugada;Ensino Superior;Todos os dias temos ao menos 3 refeições;Tem emprego fixo;10;Não estudo em casa.;9;8;8;10;9;8;8;9;10;5;8;8;8;Arrumar a casa, Olhar os meus irmãos, Fazer atividade Física;Cinco ou mais;Livros literários de minha preferência;Colégio Estadual João da Costa Carvalho
3º B;16;Masculino;Heterossexual;Evangélica;Não ;Carro próprio;Até 10 minutos;Sim;Não;Você acorda sozinho;De 1000 a 2000 reais;Não sei;Vivem juntos;Própria;Estudou até o Ensino Médio;Todos os dias temos ao menos 3 refeições;Possui o próprio negócio;9;Não estudo em casa.;4;3;2;5;9;2;6;2;1;1;2;1;4;Trabalho, Arrumar a casa;Um;Livros literários de minha preferência;instituto san damiano
1º A;16;Feminino;Heterossexual;Não tem;Não ;Transporte coletivo;De 10 a 20 minutos;Não;Não;Você acorda sozinho;De 2000 a 3000 reais;Não;Vivem separados;Própria;Estudou até o Ensino Médio;Todos os dias temos ao menos 3 refeições;Tem emprego fixo;10;Uma hora;10;8;0;10;10;10;10;10;10;2;1;4;2;Trabalho, Arrumar a casa, Estudar;Cinco ou mais;Livros literários de minha preferência;São Damiano
1º A;15;Feminino;Heterossexual;Cristão;Não ;Carro próprio;Até 10 minutos;Não;Não;Você acorda sozinho;De 2000 a 3000 reais;Não;Vivem juntos;Própria;Estudou até o Ensino Médio;Todos os dias temos ao menos 3 refeições;Tem emprego fixo;10;Duas horas;4;8;3;9;10;9;6;6;4;5;5;4;4;Arrumar a casa, Olhar os meus irmãos, Fazer atividade Física;Cinco ou mais;Livros literários de minha preferência;Ecovam
2º B;16;Masculino;;;Sim;A Pé;De 20 a 30 minutos;Não;As vezes;Você acorda sozinho;De 2000 a 3000 reais;Não sei;Vivem separados;Alugada;Estudou até o Ensino Médio;Todos os dias temos ao menos 3 refeições;Tem emprego fixo;10;Duas horas;8;7;7;8;10;9;8;9;9;10;8;4;10;Arrumar a casa;Quatro;Os indicados na escola;Presidente Arthur
1º C;15;Feminino;;;Não ;A Pé;Até 10 minutos;Não;Não;Você acorda sozinho;De 1000 a 2000 reais;Não;Vivem separados;Cedida;Estudou até o Ensino Médio;Todos os dias temos ao menos 3 refeições;Tem emprego fixo;9;Não estudo em casa.;5;0;0;7;10;5;4;4;5;0;1;2;5;Arrumar a casa, Olhar os meus irmãos, Estudar;Quatro;Livros literários de minha preferência;E.M. Professora Amelia
3º A;17;Feminino;Bissexual;;;A Pé;De 10 a 20 minutos;Não;Não;Você acorda sozinho;De 1000 a 2000 reais;Não;Vivem separados;Alugada;Estudou até o Ensino Médio;Todos os dias temos ao menos 3 refeições;Tem emprego fixo;8;Não estudo em casa.;9;10;3;7;3;8;9;10;6;8;7;3;3;Arrumar a casa;Nenhum;Nenhum;cepmg gilvam sampaio
2º B;16;Feminino;;;;Carro próprio;Até 10 minutos;Sim;Sim;O seu responsável te acorda;De 2000 a 3000 reais;Não sei;Vivem juntos;Própria;Ensino Superior;Todos os dias temos ao menos 3 refeições;Possui o próprio negócio;7;Uma hora;8;7;9;8;10;6;7;10;9;2;1;2;7;Arrumar a casa, Olhar os meus irmãos, Somente Lazer;Cinco ou mais;Livros literários de minha preferência;Presidente Arthur
1º A;14;Feminino;Heterossexual;;Não;A Pé;Até 10 minutos;Não;Não;Você acorda sozinho;De 2000 a 3000 reais;Não sei;Vivem separados;Alugada;Pós Graduação;Todos os dias temos ao menos 3 refeições;Tem emprego fixo;10;Três horas;9;10;4;8;10;10;10;8;10;1;8;2;9;Arrumar a casa, Estudar;Cinco ou mais;Livros literários de minha preferência, Auto-Ajuda;Ecovam
1º A;15;Feminino;Bissexual;Não tem;Não;Van escolar;De 30 minutos a uma hora;Não;Não;Você acorda sozinho;Até 1000 reais;Sim;Vivem separados;Própria;Estudou até o Ensino Médio;Todos os dias temos ao menos 3 refeições;Tem emprego fixo;10;Menos de 1 hora;6;8;0;6;8;7;5;7;0;1;4;4;3;Estudar, Somente Lazer;Cinco ou mais;Livros literários de minha preferência;Marieta Telles
3º B;17;Feminino;Bissexual;Umbandista;Não;A Pé;De 10 a 20 minutos;Não;Não;Você acorda sozinho;De 1000 a 2000 reais;Não;Vivem separados;Própria;Estudou até o Ensino Médio;Todos os dias temos ao menos 3 refeições;;10;Duas horas;7;7;5;6;7;8;7;7;7;9;9;9;7;Arrumar a casa, Estudar, Fazer atividade Física;Cinco ou mais;Livros literários de minha preferência;Ecovam
1º B;15;Feminino;Heterossexual;Evangélica ;Não;A Pé;Até 10 minutos;Não;Não;Você acorda sozinho;Até 1000 reais;Não;Vivem separados;Alugada;Estudou somente até o 5º ano;Todos os dias temos ao menos 3 refeições;Tem emprego fixo;10;Uma hora;7;7;6;8;8;8;8;7;7;6;7;7;7;Arrumar a casa;Um;Livros literários de minha preferência;Presidente Arthur
2º A;17;Feminino;Heterossexual;Evangélica ;Não;Transporte coletivo;De 10 a 20 minutos;Sim;Sim;Você acorda sozinho;De 3000 a 5000 reais;Não;Vivem separados;Alugada;Estudou até o Ensino Médio;Todos os dias temos ao menos 3 refeições;Tem emprego fixo;8;Cinco horas;7;6;5;10;10;6;7;5;8;9;5;6;7;Arrumar a casa, Fazer atividade Física, Somente Lazer;Cinco ou mais;Livros literários de minha preferência, Livros religiosos, Livros científicos, Auto-Ajuda, Fantasia, romance ;Alexandre garcia carreira 
1º A;15;Feminino;Heterossexual;Evangélica ;Não;Carro próprio;Até 10 minutos;Não;Não;Você acorda sozinho;Até 1000 reais;Não sei;Vivem juntos;Própria;Pós Graduação;Todos os dias temos ao menos 3 refeições;Trabalha ocasionalmente;10;Não estudo em casa.;2;1;0;8;8;6;9;0;0;2;0;0;0;Arrumar a casa;Nenhum;Nenhum;Ecovam
3º B;17;Feminino;Heterossexual ;;Sim;Transporte coletivo;Mais de uma hora;Sim;Não;Você acorda sozinho;De 1000 a 2000 reais;Sim;Vivem juntos;Alugada;Estudou até o Ensino Médio;Todos os dias temos ao menos 3 refeições;Tem emprego fixo;9;Três horas;8;7;9;8;10;8;9;7;6;10;8;8;9;Arrumar a casa, Olhar os meus irmãos, Estudar;Cinco ou mais;Os indicados na escola, Livros literários de minha preferência;Ecovam
1º A;15;Prefiro não responder;Pansexual;Bruxaria Natural;Não;Bicicleta;De 10 a 20 minutos;Não;Não;Você acorda sozinho;De 5000 a 10000 reais;Não;Vivem juntos;Própria;Estudou até o Ensino Médio;Todos os dias temos ao menos 3 refeições;Tem emprego fixo;10;Duas horas;9;10;4;10;10;9;10;5;7;4;8;9;9;Trabalho, Arrumar a casa, Olhar os meus irmãos, Estudar, Fazer atividade Física;Cinco ou mais;Livros literários de minha preferência;Ecovam
1º C;15;Masculino;;Católica ;Não;A Pé;Até 10 minutos;Não;Não;O seu responsável te acorda;De 2000 a 3000 reais;Não sei;Vivem juntos;Própria;Estudou até o 9º ano;Todos os dias temos ao menos 3 refeições;Tem emprego fixo;10;Menos de 1 hora;9;4;0;7;9;8;8;6;5;6;6;6;7;Somente Lazer;Um;Os indicados na escola, Nenhum;Ecovam
1º A;15;Feminino;Bissexual;Judeu;Não;Carro próprio;Até 10 minutos;Não;Não;Você acorda sozinho;De 1000 a 2000 reais;Não sei;Vivem separados;Própria;Estudou até o Ensino Médio;Todos os dias temos ao menos 3 refeições;Possui o próprio negócio;9;Menos de 1 hora;8;7;5;10;10;7;7;4;4;8;5;5;5;Arrumar a casa, Olhar os meus irmãos, Estudar;Nenhum;Nenhum;Marieta Telles
2º B;15;Feminino;;Católica ;Não;A Pé;Até 10 minutos;Não;Não;Você acorda sozinho;De 2000 a 3000 reais;Sim;Vivem separados;Própria;Ensino Superior;Todos os dias temos ao menos 3 refeições;Tem emprego fixo;10;Menos de 1 hora;7;2;1;7;9;7;8;8;5;7;5;4;7;Arrumar a casa;Dois;Livros literários de minha preferência;Ecovam
1º B;15;Feminino;Heterossexual;Evangélica;Não;Transporte coletivo;De 10 a 20 minutos;Sim;As vezes;Você acorda sozinho;De 1000 a 2000 reais;Não;Vivem separados;Própria;Ensino Superior;Todos os dias temos ao menos 3 refeições;Tem emprego fixo;5;Não estudo em casa.;5;7;0;7;6;5;4;5;5;5;6;7;6;Arrumar a casa;Cinco ou mais;Livros literários de minha preferência;Presidente Arthur
2º C;16;Feminino;Heterossexual;Cristão;Não;Carona;Até 10 minutos;Sim;Não;Você acorda sozinho;De 1000 a 2000 reais;Sim;Vivem separados;Alugada;Estudou até o Ensino Médio;Todos os dias temos ao menos 3 refeições;Tem emprego fixo;4;Uma hora;9;2;7;8;6;9;6;9;9;1;8;4;3;Arrumar a casa;Cinco ou mais;Livros literários de minha preferência;Marieta Telles
1º A;15;Masculino;Heterossexual;Evangélica;Não;Carro próprio;Até 10 minutos;Não;Não;Você acorda sozinho;De 3000 a 5000 reais;Não sei;Vivem juntos;Própria;Estudou até o Ensino Médio;Todos os dias temos ao menos 3 refeições;Possui o próprio negócio;7;Não estudo em casa.;6;6;2;5;3;6;6;4;5;6;6;5;5;Somente Lazer;Três;Os indicados na escola;Araújo Lima
2º C;16;Feminino;Bissexual;Cristão;Não;Transporte coletivo;De 10 a 20 minutos;Sim;As vezes;Você acorda sozinho;Até 1000 reais;Não;Não conhece pai ou mãe;Própria;Estudou até o Ensino Médio;Todos os dias temos ao menos 3 refeições;Está desempregado;7;Menos de 1 hora;8;9;5;3;9;7;10;1;5;0;1;9;10;Somente Lazer;Cinco ou mais;Livros literários de minha preferência;Ecovam
1º C;15;Feminino;Bissexual;Espirita;Não;A Pé;Até 10 minutos;Não;Não;Você acorda sozinho;De 5000 a 10000 reais;Sim;Pai ou Mãe falecido;Alugada;Estudou até o Ensino Médio;Todos os dias temos ao menos 3 refeições;Tem emprego fixo;10;Não estudo em casa.;6;6;0;7;6;8;8;6;8;7;7;7;7;Olhar os meus irmãos;Dois;Livros literários de minha preferência;Colégio estadual Damores do Amaral Medeiros 
1º C;15;Masculino;Heterossexual;Católica ;Não;A Pé;De 10 a 20 minutos;Não;Não;Você acorda sozinho;De 1000 a 2000 reais;Não sei;Vivem separados;Alugada;Estudou somente até o 5º ano;Todos os dias temos ao menos 3 refeições;Tem emprego fixo;9;Não estudo em casa.;8;5;5;9;10;8;7;7;8;8;7;6;6;Arrumar a casa, Fazer atividade Física;Dois;Livros literários de minha preferência;Presidente Arthur
2º B;15;Feminino;Bissexual;Evangélica ;Sim;A Pé;De 20 a 30 minutos;Sim;Não;Você acorda sozinho;De 1000 a 2000 reais;Não sei;Vivem separados;Própria;Estudou até o Ensino Médio;Todos os dias temos ao menos 3 refeições;Tem emprego fixo;9;Uma hora;6;3;1;7;9;7;7;7;8;3;6;4;7;Arrumar a casa;Quatro;Os indicados na escola, Livros literários de minha preferência;Jalles Machado
1º C;18;Masculino;Heterossexual;;;A Pé;Até 10 minutos;Não;Não;Você acorda sozinho;De 1000 a 2000 reais;Não sei;Vivem separados;Alugada;Estudou até o Ensino Médio;Todos os dias temos ao menos 3 refeições;Tem emprego fixo;7;Não estudo em casa.;7;5;3;4;10;8;4;7;7;8;6;7;7;Arrumar a casa;Nenhum;Nenhum;Floripes
2º B;16;Feminino;Heterossexual;;Não;A Pé;Até 10 minutos;Não;Não;Você acorda sozinho;De 1000 a 2000 reais;Não sei;Vivem separados;Alugada;Estudou somente até o 5º ano;Todos os dias temos ao menos 3 refeições;Possui o próprio negócio;8;Não estudo em casa.;8;7;6;9;9;9;9;9;8;7;5;6;7;Arrumar a casa;Um;Os indicados na escola;Cepi santa cruz
1º C;15;Masculino;Heterossexual;Evangélica ;Não;Bicicleta;Até 10 minutos;Não;Não;Você acorda sozinho;De 3000 a 5000 reais;Não;Pai ou Mãe falecido;Alugada;Estudou até o Ensino Médio;Todos os dias temos ao menos 3 refeições;Tem emprego fixo;9;Não estudo em casa.;8;4;2;8;8;8;7;6;8;10;9;8;8;Arrumar a casa, Estudar;Quatro;Educação financeira ;E.M. Professora Amelia
1º B;15;Feminino;Bissexual ;Não tem;Não;A Pé;De 20 a 30 minutos;Não;Não;Você acorda sozinho;Até 1000 reais;Não;Vivem separados;Alugada;Estudou somente até o 5º ano;Todos os dias temos ao menos 3 refeições;Tem emprego fixo;9;Não estudo em casa.;5;0;0;3;9;10;9;5;6;4;4;4;4;Trabalho;Cinco ou mais;Livros literários de minha preferência;Presidente Arthur
2º B;16;Feminino;Heterossexual;Católica ;Não;A Pé;De 10 a 20 minutos;Sim;Não;Você acorda sozinho;De 1000 a 2000 reais;Sim;Vivem separados;Própria;Estudou até o 9º ano;Todos os dias temos ao menos 3 refeições;Tem emprego fixo;9;Uma hora;6;3;4;5;9;7;6;7;6;4;5;5;6;Arrumar a casa;Um;Os indicados na escola;Ecovam
1º A;16;Masculino;Heterossexual;Evangélica ;Não;Transporte coletivo;De 10 a 20 minutos;Não;Não;O seu responsável te acorda;De 2000 a 3000 reais;Não sei;Vivem juntos;Alugada;Estudou somente até o 5º ano;Todos os dias temos ao menos 3 refeições;Tem emprego fixo;10;Menos de 1 hora;8;5;6;6;10;5;7;5;5;6;8;8;7;Fazer atividade Física;Um;Nenhum;Camélia costa viveiros 
3º B;16;Feminino;Heterossexual;Cristão;Sim;A Pé;De 10 a 20 minutos;Não;Não;O seu responsável te acorda;De 1000 a 2000 reais;Sim;Vivem separados;Alugada;Estudou até o Ensino Médio;Todos os dias temos ao menos 3 refeições;Trabalha por conta própria;9;Uma hora;8;10;10;10;8;8;10;7;6;10;7;6;10;Arrumar a casa, Olhar os meus irmãos, Estudar, Fazer atividade Física;Dois;Os indicados na escola, Livros religiosos, Livros científicos;Ecovam
1º C;15;Feminino;;;Não ;Carro próprio;Até 10 minutos;Não;As vezes;O seu responsável te acorda;Até 1000 reais;Sim;Vivem juntos;Alugada;Estudou até o Ensino Médio;Todos os dias temos ao menos 3 refeições;Trabalha ocasionalmente;4;Não estudo em casa.;5;1;0;5;5;5;5;5;5;1;5;5;5;Ajudar meus pais no trabalho ;Nenhum;Nenhum;Ecovam
1º C;15;Masculino;Bissexual;Ateu;Não ;A Pé;De 20 a 30 minutos;Não;Não;Você acorda sozinho;De 1000 a 2000 reais;Não;Vivem separados;Alugada;Estudou até o 9º ano;Todos os dias temos ao menos 3 refeições;Tem emprego fixo;8;Menos de 1 hora;7;2;5;8;10;7;7;8;5;0;5;6;7;Somente Lazer;Cinco ou mais;Livros literários de minha preferência;Artur da Costa é Silva 
1º B;15;Masculino;Heterossexual;Evangélica;Não ;Carro próprio;Até 10 minutos;Não;Não;O seu responsável te acorda;De 2000 a 3000 reais;Sim;Vivem juntos;Alugada;Pós Graduação;Todos os dias temos ao menos 3 refeições;Tem emprego fixo;8;Uma hora;8;5;3;8;10;7;8;8;6;4;4;5;7;Fazer atividade Física;Dois;Livros literários de minha preferência;Colegio Reis Magos, Bacabal-Ma
1º C;15;Feminino;Pansexual ;;Não ;A Pé;Até 10 minutos;Não;Não;O seu responsável te acorda;De 1000 a 2000 reais;Não;Pai ou Mãe falecido;Alugada;Estudou até o Ensino Médio;Todos os dias temos ao menos 3 refeições;Tem emprego fixo;10;Não estudo em casa.;9;10;8;10;3;5;7;7;10;5;5;5;7;Arrumar a casa, Somente Lazer;Cinco ou mais;Livros literários de minha preferência;Presidente Arthur
2º A;16;Feminino;Heterossexual;Católica ;Não ;Carros por aplicativo;Até 10 minutos;Não;Não;Você acorda sozinho;De 2000 a 3000 reais;Não;Vivem separados;Alugada;Estudou até o Ensino Médio;Todos os dias temos ao menos 3 refeições;Trabalha por conta própria;9;Menos de 1 hora;8;9;8;8;8;10;9;10;8;10;8;8;9;Arrumar a casa, Estudar, Fazer atividade Física;Cinco ou mais;Livros literários de minha preferência;Escola magia dos sonhos 
3º A;17;Masculino;Gay ;Estiritismo;Não ;Carona;De 10 a 20 minutos;Não;Não;Você acorda sozinho;De 2000 a 3000 reais;Não sei;Vivem juntos;Própria;Estudou somente até o 5º ano;Todos os dias temos ao menos 3 refeições;Trabalha por conta própria;8;Uma hora;5;6;5;10;6;5;5;6;5;4;5;5;5;Arrumar a casa;Dois;Os indicados na escola, Livros literários de minha preferência;Marieta Telles
2º C;16;Feminino;Heterossexual;Cristã ;Não ;Transporte coletivo;De 30 minutos a uma hora;Sim;As vezes;Você acorda sozinho;Até 1000 reais;Sim;Vivem separados;Própria;Não estudou;Todos os dias temos ao menos 3 refeições;Tem emprego fixo;6;Menos de 1 hora;6;5;8;7;6;6;6;6;7;5;5;6;7;Igreja, célula, curso ;Um;Livros religiosos;Marieta Telles
1º A;15;Feminino;Heterossexual;Adventista;Não ;A Pé;Até 10 minutos;Não;Não;Você acorda sozinho;De 3000 a 5000 reais;Não;Vivem juntos;Alugada;Estudou até o Ensino Médio;Todos os dias temos ao menos 3 refeições;Trabalha ocasionalmente;8;Não estudo em casa.;6;5;3;5;6;6;6;5;5;6;6;6;6;Arrumar a casa, Fazer atividade Física, Somente Lazer;Cinco ou mais;Livros literários de minha preferência;Araújo Lima
2º B;17;Feminino;Pansexual;Evangélica;Não ;A Pé;Até 10 minutos;Sim;Não;Você acorda sozinho;De 1000 a 2000 reais;Não;Vivem separados;Alugada;Estudou somente até o 5º ano;Todos os dias temos ao menos 3 refeições;Tem emprego fixo;10;Uma hora;7;5;7;8;5;5;6;6;5;6;6;3;6;Arrumar a casa, Estudar;Dois;365 dias etc;Pedro Neca 
1º C;14;Feminino;Heterossexual;Adventista ;Não ;Carro próprio;De 20 a 30 minutos;Não;Não;Você acorda sozinho;De 2000 a 3000 reais;Não;Vivem juntos;Própria;Ensino Superior;Todos os dias temos ao menos 3 refeições;Tem emprego fixo;8;Uma hora;8;8;7;10;8;8;8;7;7;8;6;6;7;Arrumar a casa, Estudar, Fazer atividade Física;Cinco ou mais;Livros literários de minha preferência;Marieta Telles
1º C;15;Feminino;Heterossexual;Evangélica;Não ;A Pé;De 10 a 20 minutos;Não;Não;Você acorda sozinho;De 2000 a 3000 reais;Não;Vivem separados;Própria;Estudou até o Ensino Médio;Todos os dias temos ao menos 3 refeições;Tem emprego fixo;9;Não estudo em casa.;8;6;6;10;10;7;7;7;9;7;7;7;8;Arrumar a casa;Cinco ou mais;Livros literários de minha preferência;Presidente Arthur
1º A;14;Masculino;Bissexual;Cristão;Não ;A Pé;Até 10 minutos;Não;Não;Você acorda sozinho;De 1000 a 2000 reais;Não;Vivem separados;Alugada;Estudou até o Ensino Médio;Todos os dias temos ao menos 3 refeições;Tem emprego fixo;9;Uma hora;5;6;0;5;6;8;9;7;7;4;5;6;7;Arrumar a casa, Olhar os meus irmãos;Cinco ou mais;Livros literários de minha preferência;Ecovam
1º B;15;Masculino;Heterossexual ;Católica ;Não ;Carona;Até 10 minutos;Não;As vezes;Você acorda sozinho;De 5000 a 10000 reais;Não;Vivem juntos;Própria;Ensino Superior;Todos os dias temos ao menos 3 refeições;Tem emprego fixo;8;Não estudo em casa.;4;4;5;4;7;5;5;5;5;6;5;5;5;Fazer atividade Física;Nenhum;Nenhum;São Damiano
1º A;15;Feminino;Heterossexual ;Cristão;Não ;Transporte coletivo;Até 10 minutos;Não;As vezes;O seu responsável te acorda;Até 1000 reais;Não;Vivem separados;Alugada;Estudou até o Ensino Médio;Todos os dias temos ao menos 3 refeições;Tem emprego fixo;10;Menos de 1 hora;5;2;0;7;10;8;6;2;1;0;1;4;5;Trabalho;Nenhum;Nenhum;Marieta Telles
2º C;16;Masculino;Heterossexual ;;;Carro próprio;Até 10 minutos;Sim;Não;Você acorda sozinho;De 3000 a 5000 reais;Não;Vivem separados;Própria;Estudou até o 9º ano;Todos os dias temos ao menos 3 refeições;Trabalha por conta própria;8;Uma hora;8;8;5;8;10;10;10;10;8;10;5;3;8;Trabalho, Arrumar a casa, Olhar os meus irmãos, Estudar, Fazer atividade Física;Três;Auto-Ajuda;.
1º A;15;Masculino;Heterossexual ;Cristão;;Carona;Até 10 minutos;Não;Não;Você acorda sozinho;Até 1000 reais;Não;Vivem juntos;Alugada;Estudou somente até o 5º ano;Todos os dias temos ao menos 3 refeições;Tem emprego fixo;6;Uma hora;5;3;4;5;3;4;5;4;4;2;1;3;5;Arrumar a casa;Nenhum;Os indicados na escola;Jalles Machado
1º A;14;Feminino;Heterossexual ;Evangélica;Não;Transporte coletivo;De 10 a 20 minutos;Não;As vezes;Você acorda sozinho;De 1000 a 2000 reais;Sim;Vivem juntos;Própria;Estudou até o 9º ano;Todos os dias temos ao menos 3 refeições;Está desempregado;10;Menos de 1 hora;5;8;2;7;9;7;7;0;0;8;0;0;0;Arrumar a casa;Um;Os indicados na escola;Marieta Telles
1º C;14;Feminino;Heterossexual ;Evangélica ;Não;Carona;De 10 a 20 minutos;Não;Não;Você acorda sozinho;De 1000 a 2000 reais;Sim;Vivem juntos;Cedida;Estudou somente até o 5º ano;Todos os dias temos ao menos 3 refeições;Trabalha por conta própria;8;Menos de 1 hora;7;8;7;8;5;7;7;8;8;8;8;8;8;Arrumar a casa;Três;Wattpad ;Marieta Telles
2º C;15;Feminino;Heterossexual ;Católica ;Sim;A Pé;Até 10 minutos;Sim;As vezes;O seu responsável te acorda;De 1000 a 2000 reais;Sim;Vivem separados;Alugada;Estudou até o Ensino Médio;Todos os dias temos ao menos 3 refeições;Trabalha ocasionalmente;9;Uma hora;8;7;6;9;10;7;8;7;8;9;7;5;6;Arrumar a casa, Olhar os meus irmãos, Estudar;Um;Livros literários de minha preferência;Ecovam
1º A;15;Feminino;Heterossexual ;Evangélica ;Não ;A Pé;Até 10 minutos;Não;Não;Você acorda sozinho;Até 1000 reais;Não;Vivem separados;Alugada;Estudou somente até o 5º ano;Todos os dias temos ao menos 3 refeições;Tem emprego fixo;8;Uma hora;8;0;0;5;6;5;5;6;5;0;4;3;3;Arrumar a casa, Olhar os meus irmãos;Nenhum;Nenhum;Ecovam
1º A;15;Feminino;Heterossexual ;Evangélica ;Não ;Transporte coletivo;De 10 a 20 minutos;Não;Não;Você acorda sozinho;De 1000 a 2000 reais;Não sei;Vivem separados;Própria;Estudou até o Ensino Médio;Todos os dias temos ao menos 3 refeições;Tem emprego fixo;10;Não estudo em casa.;4;4;2;6;10;8;8;5;5;6;5;5;5;Arrumar a casa;Um;Livros religiosos;Marieta Telles
2º B;16;Masculino;Heterossexual ;Não tem;Sim;A Pé;De 10 a 20 minutos;Não;As vezes;Você acorda sozinho;De 2000 a 3000 reais;Sim;Vivem separados;Cedida;Pós Graduação;Todos os dias temos ao menos 3 refeições;Tem emprego fixo;10;Não estudo em casa.;8;6;10;9;10;10;6;7;7;2;3;6;9;Arrumar a casa, Fazer atividade Física;Quatro;Livros literários de minha preferência, Auto-Ajuda;Araújo Lima
1º B;14;Feminino;Heterossexual ;Evangélica;Não;Carro próprio;Até 10 minutos;Não;Não;O seu responsável te acorda;De 2000 a 3000 reais;Não;Vivem juntos;Própria;Estudou até o Ensino Médio;Todos os dias temos ao menos 3 refeições;Tem emprego fixo;9;Uma hora;7;9;5;4;5;9;6;5;6;1;1;1;3;Trabalho, Arrumar a casa, Fazer atividade Física, Somente Lazer;Dois;Os indicados na escola;Araújo Lima
2º C;16;Masculino;Heterossexual;Católica ;Não;Transporte coletivo;De 10 a 20 minutos;Sim;As vezes;Você acorda sozinho;De 2000 a 3000 reais;Não sei;Vivem separados;Própria;Estudou até o 9º ano;Todos os dias temos ao menos 3 refeições;Tem emprego fixo;5;Não estudo em casa.;5;3;0;6;10;6;7;6;8;6;5;6;8;Fazer atividade Física;Nenhum;Nenhum;CEPMG - HUGO DE CARVALHO RAMOS
2º B;15;Feminino;Heterossexual;Cristão;Não;A Pé;Até 10 minutos;Não;Não;Você acorda sozinho;De 1000 a 2000 reais;Não sei;Vivem separados;Alugada;Estudou somente até o 5º ano;Todos os dias temos ao menos 3 refeições;Possui o próprio negócio;10;Menos de 1 hora;7;5;0;9;7;6;6;6;9;4;6;5;6;Arrumar a casa, Estudar, Ler livros literários, ver filmes/ séries ;Cinco ou mais;Os indicados na escola, Livros literários de minha preferência, Livros científicos, Auto-Ajuda;Cepi Spl 
2º C;16;Feminino;Sem Definição;Cristão;Sim;A Pé;Até 10 minutos;Não;Não;Você acorda sozinho;De 1000 a 2000 reais;Não;Vivem juntos;Própria;Estudou até o 9º ano;Todos os dias temos ao menos 3 refeições;Trabalha por conta própria;8;Menos de 1 hora;8;5;0;8;10;9;8;9;9;7;5;5;8;Arrumar a casa, Olhar os meus irmãos, Estudar, Fazer atividade Física;Cinco ou mais;Os indicados na escola, Livros literários de minha preferência, Auto-Ajuda;Ecovam
2º A;17;Masculino;Heterossexual;Não tem;Não;A Pé;Até 10 minutos;Não;As vezes;Você acorda sozinho;Até 1000 reais;Não sei;Vivem separados;Alugada;Pós Graduação;Todos os dias temos ao menos 3 refeições;Trabalha ocasionalmente;8;Duas horas;6;10;4;6;10;6;7;6;6;6;8;6;6;Estudar;Cinco ou mais;Livros literários de minha preferência;Araújo Lima
2º A;15;Feminino;Bissexual;Não tem;Sim;A Pé;De 10 a 20 minutos;Sim;Não;Você acorda sozinho;Até 1000 reais;Sim;Vivem separados;Alugada;Estudou até o Ensino Médio;Todos os dias temos ao menos 3 refeições;Está desempregado;7;Menos de 1 hora;4;3;2;10;5;4;5;4;3;5;3;3;3;Estudar, Fazer atividade Física;Três;Livros literários de minha preferência;Ecovam
2º C;15;Masculino;Heterossexual;Católica ;Não ;Bicicleta;Até 10 minutos;Não;Não;Você acorda sozinho;De 1000 a 2000 reais;Não;Vivem juntos;Alugada;Estudou até o Ensino Médio;Todos os dias temos ao menos 3 refeições;Tem emprego fixo;7;Não estudo em casa.;6;4;8;9;10;6;8;9;5;5;5;3;8;Somente Lazer;Quatro;Os indicados na escola;Ecovam
3º B;17;Feminino;Bissexual;Umbanda ;Não ;Carro próprio;De 10 a 20 minutos;Sim;As vezes;Você acorda sozinho;Até 1000 reais;Não;Vivem juntos;Própria;Estudou até o Ensino Médio;Todos os dias temos ao menos 3 refeições;Tem emprego fixo;8;Quatro horas;5;5;8;10;10;8;8;10;7;5;7;6;8;Arrumar a casa, Estudar, Fazer atividade Física;Dois;Os indicados na escola, Livros literários de minha preferência;Village Garavelo 
1º A;15;Feminino;Heterossexual;Católica ;Não ;Transporte coletivo;Até 10 minutos;Não;As vezes;Você acorda sozinho;De 1000 a 2000 reais;Não;Vivem separados;Própria;Ensino Superior;Todos os dias temos ao menos 3 refeições;Tem emprego fixo;10;Menos de 1 hora;5;4;7;5;7;5;5;0;0;7;0;0;0;Arrumar a casa;Nenhum;Nenhum;Marieta Telles
1º B;15;Masculino;Heterossexual;Cristão;Não ;A Pé;Até 10 minutos;Não;Não;Você acorda sozinho;De 1000 a 2000 reais;Não;Vivem juntos;Própria;Estudou até o 9º ano;Todos os dias temos ao menos 3 refeições;Tem emprego fixo;8;Uma hora;5;5;5;7;10;6;4;6;7;8;7;6;9;Arrumar a casa;Nenhum;Os indicados na escola;Presidente Arthur
3º B;17;Masculino;Heterossexual;Evangélica;Não ;A Pé;De 30 minutos a uma hora;Não;Não;Você acorda sozinho;De 1000 a 2000 reais;Não;Vivem separados;Própria;Estudou somente até o 5º ano;Todos os dias temos ao menos 3 refeições;Trabalha por conta própria;5;Menos de 1 hora;1;2;3;7;9;4;5;4;6;8;3;4;5;Arrumar a casa, Fazer atividade Física;Três;Livros literários de minha preferência;Ecovam
3º B;16;Feminino;;;Não ;Transporte coletivo;De 30 minutos a uma hora;Sim;As vezes;Você acorda sozinho;De 2000 a 3000 reais;Sim;Vivem juntos;Própria;Estudou até o Ensino Médio;Todos os dias temos ao menos 3 refeições;Tem emprego fixo;9;Menos de 1 hora;9;6;8;10;9;9;7;7;6;4;4;4;6;Arrumar a casa, Olhar os meus irmãos, Estudar;Cinco ou mais;Livros literários de minha preferência;Presidente Arthur
1º B;15;Masculino;Heterossexual;Católica ;Não ;A Pé;Até 10 minutos;Não;Não;O seu responsável te acorda;De 2000 a 3000 reais;Não;Vivem juntos;Própria;Pós Graduação;Todos os dias temos ao menos 3 refeições;Tem emprego fixo;10;Não estudo em casa.;7;9;7;6;2;4;8;8;8;9;7;7;9;Arrumar a casa;Dois;Os indicados na escola, Livros literários de minha preferência;Presidente Arthur
2º A;16;Feminino;;Católica ;Não ;Carro próprio;Até 10 minutos;Não;Não;O seu responsável te acorda;Até 1000 reais;Não;Vivem juntos;Alugada;Estudou até o 9º ano;Todos os dias temos ao menos 3 refeições;Trabalha ocasionalmente;9;Uma hora;7;9;0;10;5;5;6;9;9;10;5;1;10;Arrumar a casa, Olhar os meus irmãos, Somente Lazer;Dois;Os indicados na escola, Livros literários de minha preferência;E.M. Professora Amelia
2º B;17;Feminino;Bissexual;Umbanda ;Não ;A Pé;Até 10 minutos;Não;Não;Você acorda sozinho;Até 1000 reais;Não;Vivem separados;Própria;Estudou até o Ensino Médio;Todos os dias temos ao menos 3 refeições;Tem emprego fixo;8;Menos de 1 hora;7;5;9;4;10;7;7;5;3;5;5;5;6;Arrumar a casa;Nenhum;romantico;estadual onofre quinan
2º B;17;Feminino;Heterossexual;Evangélica ;Não ;A Pé;De 20 a 30 minutos;Não;Sim;O seu responsável te acorda;Até 1000 reais;Não sei;Vivem juntos;Própria;Estudou até o Ensino Médio;Todos os dias temos ao menos 3 refeições;Está desempregado;7;Não estudo em casa.;8;6;2;8;10;10;6;3;2;1;1;1;2;Arrumar a casa;Um;Os indicados na escola;Marieta Telles
1º B;15;Feminino;;Não tem;Não ;A Pé;De 10 a 20 minutos;Não;Não;Você acorda sozinho;De 1000 a 2000 reais;Não;Vivem juntos;Alugada;Estudou até o 9º ano;Todos os dias temos ao menos 3 refeições;Tem emprego fixo;8;Uma hora;8;4;4;5;6;7;7;6;8;4;7;7;7;Somente Lazer;Nenhum;Nenhum;Jalles Machado
1º C;15;Masculino;Mulher ;Espirita;Não ;Bicicleta;De 10 a 20 minutos;Não;Não;Você acorda sozinho;Até 1000 reais;Sim;Vivem separados;Alugada;Pós Graduação;Todos os dias temos ao menos 3 refeições;Está desempregado;9;Uma hora;7;5;3;8;10;8;7;6;6;10;5;7;7;Arrumar a casa;Cinco ou mais;Manga;Presidente Arthur
1º C;14;Prefiro não responder;;Católica ;Não ;Moto;De 10 a 20 minutos;Não;As vezes;O seu responsável te acorda;De 1000 a 2000 reais;Não sei;Vivem juntos;Alugada;Estudou até o Ensino Médio;Todos os dias temos ao menos 3 refeições;Tem emprego fixo;9;Menos de 1 hora;8;5;5;8;6;6;5;4;5;4;3;3;5;Estudar, Somente Lazer, As vezes ajudo minha mãe ;Cinco ou mais;Indicados pela escola ou por conta própria que eu goste ;Marieta Telles
1º C;16;Prefiro não responder;Heterossexual;;Não ;A Pé;Até 10 minutos;Não;Não;Você acorda sozinho;De 1000 a 2000 reais;Sim;Vivem juntos;Própria;Estudou até o Ensino Médio;Todos os dias temos ao menos 3 refeições;Tem emprego fixo;10;Menos de 1 hora;0;0;0;0;0;0;0;0;0;0;0;0;0;Arrumar a casa;Dois;Livros literários de minha preferência;Jalles Machado
2º C;16;Feminino;;;Não ;Moto.;Até 10 minutos;Não;Não;Você acorda sozinho;Até 1000 reais;Sim;Vivem separados;Própria;Ensino Superior;Todos os dias temos ao menos 3 refeições;Trabalha por conta própria;10;Uma hora;9;7;9;9;8;8;8;10;8;9;9;8;8;Estudar;Um;Os indicados na escola;Carolina-Ma,escola:Odolfo Medeiros.
3º A;17;Feminino;Bissexual;Cristão;Não ;A Pé;Até 10 minutos;Não;As vezes;Você acorda sozinho;De 2000 a 3000 reais;Não;Pai ou Mãe falecido;Própria;Ensino Superior;Todos os dias temos ao menos 3 refeições;Tem emprego fixo;10;Não estudo em casa.;8;6;5;9;9;8;8;8;7;4;3;3;9;Fazer atividade Física;Um;Auto-Ajuda;laurentino martins rodrigues
1º A;15;Feminino;Heterossexual;Evangélica;Não ;A Pé;De 10 a 20 minutos;Não;As vezes;Você acorda sozinho;Até 1000 reais;Não;Não conhece pai ou mãe;Alugada;Estudou somente até o 5º ano;Todos os dias temos ao menos 3 refeições;Tem emprego fixo;9;Não estudo em casa.;4;1;0;3;5;5;5;5;2;0;0;0;2;Arrumar a casa;Quatro;Os indicados na escola, Livros literários de minha preferência, Livros religiosos;Presidente Arthur
2º A;16;Masculino;Heterossexual;Evangélica;Sim;Carro próprio;Até 10 minutos;Sim;Não;Você acorda sozinho;De 5000 a 10000 reais;Não;Vivem separados;Própria;Pós Graduação;Todos os dias temos ao menos 3 refeições;Tem emprego fixo;10;Uma hora;10;6;8;5;5;8;5;7;8;8;10;7;5;Arrumar a casa;Três;Os indicados na escola;Presidente Arthur
3º B;17;Masculino;Heterossexual;Cristão;Não;A Pé;Até 10 minutos;Sim;Não;Você acorda sozinho;De 1000 a 2000 reais;Não sei;Pai ou Mãe falecido;Própria;Estudou somente até o 5º ano;Todos os dias temos ao menos 3 refeições;Tem emprego fixo;5;Menos de 1 hora;5;7;3;5;7;4;4;3;2;6;5;3;5;Arrumar a casa, Somente Lazer;Nenhum;Nenhum;Presidente Arthur
1º C;15;Masculino;Heterossexual;;Não;Bicicleta;De 10 a 20 minutos;Não;Não;Você acorda sozinho;De 1000 a 2000 reais;Não sei;Vivem separados;Própria;Ensino Superior;Tem dias em que temos menos de 3 refeições;Tem emprego fixo;10;Não estudo em casa.;6;9;1;7;8;6;6;5;7;3;2;0;0;Trabalho, Arrumar a casa, Olhar os meus irmãos;Cinco ou mais;Livros literários de minha preferência, Livros científicos, Auto-Ajuda;Presidente Arthur
1º C;15;Masculino;;;;A Pé;De 20 a 30 minutos;Não;Não;Você acorda sozinho;Até 1000 reais;Não;Pai ou Mãe falecido;Alugada;Estudou somente até o 5º ano;Todos os dias temos ao menos 3 refeições;;9;Não estudo em casa.;8;1;1;10;9;8;8;7;7;5;4;4;4;Fazer atividade Física;Nenhum;Nenhum;Jalles Machado
1º C;15;Masculino;Heterossexual;Não tem;Não ;A Pé;Até 10 minutos;Não;Não;O seu responsável te acorda;De 1000 a 2000 reais;Não sei;Vivem juntos;Própria;Ensino Superior;Todos os dias temos ao menos 3 refeições;Tem emprego fixo;10;Menos de 1 hora;0;0;0;0;0;0;0;0;0;0;0;0;0;Arrumar a casa, Olhar os meus irmãos, Somente Lazer;Nenhum;Nenhum;Presidente Arthur
2º A;16;Masculino;Heterossexual;;Não ;Carro próprio;Até 10 minutos;Não;Não;Você acorda sozinho;Mais de 10000 reais;Não;Pai ou Mãe falecido;Alugada;Não estudou;Todos os dias temos ao menos 3 refeições;Está desempregado;10;Não estudo em casa.;2;10;4;10;10;7;10;3;10;10;8;10;9;Arrumar a casa;Um;Livros literários de minha preferência;Ecovam
2º C;16;Masculino;Heterossexual;Cristão;Não ;A Pé;Até 10 minutos;Não;Não;Você acorda sozinho;Até 1000 reais;Não sei;Vivem separados;Alugada;Estudou até o Ensino Médio;Todos os dias temos ao menos 3 refeições;Tem emprego fixo;8;Não estudo em casa.;5;3;5;6;10;7;4;3;5;7;7;4;4;Olhar os meus irmãos;Um;Os indicados na escola;Presidente Arthur
3º B;17;Feminino;;;Não ;Transporte coletivo;De 10 a 20 minutos;Sim;As vezes;Você acorda sozinho;De 1000 a 2000 reais;Não;Vivem separados;Cedida;Estudou até o Ensino Médio;Todos os dias temos ao menos 3 refeições;Tem emprego fixo;10;Duas horas;6;2;4;3;1;5;5;5;2;9;4;0;5;Estudar;Quatro;Os indicados na escola;Presidente Arthur
3º A;17;Masculino;Bissexual;Crê em Deus;Sim;A Pé;De 20 a 30 minutos;Não;Não;Você acorda sozinho;De 1000 a 2000 reais;Não;Vivem separados;Própria;Estudou até o 9º ano;Todos os dias temos ao menos 3 refeições;Tem emprego fixo;10;Três horas;6;7;4;5;7;5;6;3;3;10;8;8;7;Arrumar a casa, Estudar;Dois;Os indicados na escola;Diógenes de castro ribeiro (uruana)
1º C;15;Masculino;Heterossexual;Crê em Deus;Não ;Bicicleta;De 10 a 20 minutos;Não;Não;Você acorda sozinho;Até 1000 reais;Sim;Vivem separados;Alugada;Pós Graduação;Todos os dias temos ao menos 3 refeições;Está desempregado;9;Uma hora;7;5;3;8;10;8;7;5;5;10;6;7;5;Arrumar a casa;Cinco ou mais;Manga;Presidente Arthur
1º B;15;Feminino;Heterossexual;Evangélica;Não ;A Pé;Até 10 minutos;Não;Não;Você acorda sozinho;Até 1000 reais;Não;Vivem separados;Alugada;Estudou até o Ensino Médio;Todos os dias temos ao menos 3 refeições;Tem emprego fixo;10;Não estudo em casa.;10;9;0;10;10;8;9;2;10;1;9;8;10;Somente Lazer;Três;Livros literários de minha preferência;Presidente Arthur
2º B;15;Masculino;Heterossexual;;Não ;A Pé;De 20 a 30 minutos;Não;Não;O seu responsável te acorda;De 3000 a 5000 reais;Sim;Vivem juntos;Alugada;Estudou até o 9º ano;Todos os dias temos ao menos 3 refeições;Tem emprego fixo;8;Não estudo em casa.;6;6;6;8;10;7;7;8;5;5;5;4;7;Somente Lazer;Nenhum;Os indicados na escola;Presidente Arthur
2º A;16;Feminino;Heterossexual;Cristão;Não ;A Pé;De 20 a 30 minutos;Não;Não;Você acorda sozinho;De 2000 a 3000 reais;Não;Vivem separados;Alugada;Estudou até o Ensino Médio;Todos os dias temos ao menos 3 refeições;Tem emprego fixo;10;Uma hora;7;3;7;7;10;7;7;7;9;5;7;7;7;Arrumar a casa, Estudar;Cinco ou mais;Os indicados na escola, Livros literários de minha preferência, Livros religiosos;Maranhão 
2º A;17;Masculino;Heterossexual;Católica ;Não ;Carro próprio;De 10 a 20 minutos;Não;As vezes;O seu responsável te acorda;De 1000 a 2000 reais;Não sei;Vivem juntos;Alugada;Estudou até o Ensino Médio;Todos os dias temos ao menos 3 refeições;Trabalha por conta própria;5;Cinco horas;10;5;5;5;10;10;5;10;10;10;5;10;6;Arrumar a casa, Olhar os meus irmãos, Somente Lazer;Nenhum;Nenhum, ;E.M. Professora Amelia
2º A;15;Feminino;;;;A Pé;Até 10 minutos;Sim;Não;O seu responsável te acorda;Até 1000 reais;Não;Vivem separados;Cedida;Estudou até o Ensino Médio;Tem dias em que temos menos de 3 refeições;Tem emprego fixo;10;Quatro horas;5;3;2;6;2;6;4;4;6;3;3;3;3;Arrumar a casa, Olhar os meus irmãos, Estudar;Cinco ou mais;Livros literários de minha preferência;Ecovam
3º B;17;Feminino;Heterossexual;Católica;Não ;A Pé;De 10 a 20 minutos;Não;As vezes;Você acorda sozinho;De 1000 a 2000 reais;Não sei;Vivem separados;Alugada;Estudou até o Ensino Médio;Todos os dias temos ao menos 3 refeições;Tem emprego fixo;7;Duas horas;5;5;4;6;7;6;6;6;6;8;7;6;6;Arrumar a casa;Quatro;Os indicados na escola;Estudei em outra cidade 
2º A;15;Masculino;Heterossexual;;Não ;Motocicleta;De 10 a 20 minutos;Não;Não;O seu responsável te acorda;De 1000 a 2000 reais;Não;Vivem separados;Própria;Ensino Superior;Todos os dias temos ao menos 3 refeições;Está desempregado;9;Menos de 1 hora;6;4;4;9;10;10;8;8;9;3;7;6;6;Arrumar a casa;Um;Os indicados na escola;Presidente Arthur
3º A;17;Feminino;Heterossexual;Católica ;Não ;Carro próprio;De 10 a 20 minutos;Não;As vezes;Você acorda sozinho;De 1000 a 2000 reais;Não sei;Vivem juntos;Própria;Estudou até o Ensino Médio;Todos os dias temos ao menos 3 refeições;Tem emprego fixo;9;Uma hora;7;4;7;10;10;9;6;6;8;2;4;4;10;Arrumar a casa, Cuidar da minha vó ;Nenhum;Nenhum;João carneiro 
1º C;15;Masculino;Heterossexual;Não Sabe;Não ;A Pé;De 20 a 30 minutos;Não;Não;Você acorda sozinho;De 1000 a 2000 reais;Sim;Vivem separados;Própria;Estudou até o Ensino Médio;Todos os dias temos ao menos 3 refeições;Tem emprego fixo;10;Não estudo em casa.;3;5;5;5;5;5;5;5;5;5;5;5;5;Arrumar a casa;Nenhum;Nenhum;Presidente Arthur
1º B;14;Feminino;Heterossexual;Católica ;Não ;A Pé;De 10 a 20 minutos;Não;Não;Você acorda sozinho;Até 1000 reais;Não;Vivem separados;Alugada;Estudou até o Ensino Médio;Todos os dias temos ao menos 3 refeições;Trabalha por conta própria;9;Não estudo em casa.;6;5;0;6;7;8;7;6;6;5;6;5;6;Somente Lazer;Um;Livros literários de minha preferência;Presidente Arthur
1º C;15;Feminino;Heterossexual;Cristão;Não ;A Pé;De 10 a 20 minutos;Não;Não;Você acorda sozinho;Até 1000 reais;Não;Vivem separados;Própria;Estudou até o Ensino Médio;Todos os dias temos ao menos 3 refeições;Trabalha por conta própria;10;Uma hora;8;7;0;5;7;5;6;0;7;6;2;5;9;Estudar;Nenhum;Nenhum;DOM PRUDÊNCIO 
1º C;14;Masculino;Heterossexual;Não Sabe;Não ;Moto ;Até 10 minutos;Não;Não;O seu responsável te acorda;De 1000 a 2000 reais;Não;Vivem separados;Alugada;Estudou até o Ensino Médio;Todos os dias temos ao menos 3 refeições;Tem emprego fixo;7;Não estudo em casa.;7;8;0;10;10;8;7;7;7;9;7;9;9;Arrumar a casa;Nenhum;Os indicados na escola;Presidente Arthur
2º A;16;Feminino;Heterossexual;Cristão;Não ;A Pé;Até 10 minutos;Não;Não;Você acorda sozinho;De 1000 a 2000 reais;Sim;Pai ou Mãe falecido;Própria;Estudou até o 9º ano;Tem dias em que temos menos de 3 refeições;Trabalha por conta própria;10;Menos de 1 hora;10;8;9;7;8;9;9;9;9;6;5;5;9;Arrumar a casa, Estudar;Dois;Os indicados na escola, Livros literários de minha preferência, Livros religiosos;Ecovam
3º B;17;Feminino;Demisexual ;Pagã;Não ;A Pé;Até 10 minutos;Não;Não;Você acorda sozinho;De 3000 a 5000 reais;Não;Vivem juntos;Própria;Ensino Superior;Todos os dias temos ao menos 3 refeições;Tem emprego fixo;3;Duas horas;6;3;8;8;9;7;6;6;7;9;7;6;6;Estudar, Fazer atividade Física;Cinco ou mais;Os indicados na escola, Livros literários de minha preferência, ;Ecovam
3º B;17;Feminino;Heterossexual;Cristão;Não ;A Pé;De 10 a 20 minutos;Não;Não;Você acorda sozinho;Até 1000 reais;Não sei;Vivem separados;Própria;Estudou até o Ensino Médio;Todos os dias temos ao menos 3 refeições;Tem emprego fixo;10;Menos de 1 hora;7;5;4;7;9;7;7;7;7;5;5;5;7;Trabalho;Dois;Livros literários de minha preferência;Colégio Estadual Professor Wilmar Gonçalves Da Silva 
1º A;15;Masculino;Heterossexual;Cristão ;Não ;Carro próprio;De 10 a 20 minutos;Não;Não;O seu responsável te acorda;Até 1000 reais;Não sei;Vivem juntos;Própria;Estudou até o Ensino Médio;Todos os dias temos ao menos 3 refeições;Trabalha por conta própria;7;Uma hora;4;5;7;10;10;6;5;4;4;6;5;5;5;Arrumar a casa;Um;Os indicados na escola;Araújo Lima
1º B;15;Feminino;Bissexual;Não tem;Não ;A Pé;De 20 a 30 minutos;Sim;Não;Você acorda sozinho;De 1000 a 2000 reais;Não;Vivem separados;Cedida;Ensino Superior;Todos os dias temos ao menos 3 refeições;Tem emprego fixo;6;Não estudo em casa.;4;3;3;4;5;7;8;4;4;1;3;3;9;Somente Lazer;Um;Livros literários de minha preferência;Presidente Arthur
1º A;15;Feminino;;Católica ;Não ;A Pé;Até 10 minutos;Não;Sim;O seu responsável te acorda;De 1000 a 2000 reais;Não sei;Vivem separados;Alugada;Ensino Superior;Todos os dias temos ao menos 3 refeições;Tem emprego fixo;10;Não estudo em casa.;9;0;0;9;1;3;4;3;3;3;5;1;3;Arrumar a casa, Olhar os meus irmãos, Somente Lazer;Nenhum;Nenhum;Presidente Arthur
1º A;15;Masculino;Heterossexual;Cristão;Não ;Bicicleta;Até 10 minutos;Não;Não;O seu responsável te acorda;De 1000 a 2000 reais;Não;Vivem juntos;Alugada;Ensino Superior;Tem dias em que temos menos de 3 refeições;Está desempregado;9;Uma hora;7;4;0;8;10;8;9;5;5;5;6;5;5;Arrumar a casa;Nenhum;Nenhum;Ecovam
2º A;16;Feminino;Bissexual;Não tem;Não ;A Pé;De 10 a 20 minutos;Não;Sim;Você acorda sozinho;De 1000 a 2000 reais;Não sei;Não conhece pai ou mãe;Alugada;Estudou até o Ensino Médio;Todos os dias temos ao menos 3 refeições;Tem emprego fixo;10;Não estudo em casa.;7;0;2;8;10;6;7;5;10;9;5;3;4;Arrumar a casa, Olhar os meus irmãos;Dois;Livros religiosos;Ecovam
3º A;17;Feminino;Heterossexual;Cristão;;A Pé;Até 10 minutos;Não;Não;Você acorda sozinho;De 2000 a 3000 reais;Não sei;Vivem separados;Própria;Estudou até o Ensino Médio;Todos os dias temos ao menos 3 refeições;Possui o próprio negócio;7;Não estudo em casa.;3;8;1;1;2;3;4;4;1;10;9;5;3;Arrumar a casa, Somente Lazer;Um;Livros literários de minha preferência;Araújo Lima
3º B;16;Feminino;;;Não.;A Pé;De 10 a 20 minutos;Não;Não;Você acorda sozinho;Até 1000 reais;Não sei;Vivem separados;Cedida;Estudou até o Ensino Médio;Tem dias em que temos menos de 3 refeições;Tem emprego fixo;7;Uma hora;5;5;4;4;7;4;6;7;2;10;5;5;4;Arrumar a casa, Olhar os meus irmãos, Estudar;Cinco ou mais;Os indicados na escola, Livros literários de minha preferência, Livros religiosos;Ecovam
1º C;15;Feminino;Heterossexual;;Não ;A Pé;Mais de uma hora;Não;Sim;Você acorda sozinho;De 1000 a 2000 reais;Não;Vivem separados;Alugada;Estudou somente até o 5º ano;Sempre não há refeições;Trabalha por conta própria;5;Não estudo em casa.;8;7;10;8;10;8;7;5;6;0;2;3;4;Arrumar a casa, Fazer atividade Física, Karatê ;Nenhum;Nenhum;Presidente Arthur
3º B;19;Feminino;Heterossexual;Crê em Deus;;Bicicleta;Até 10 minutos;Não;Não;O seu responsável te acorda;Até 1000 reais;Não;Vivem separados;Própria;Estudou até o Ensino Médio;Todos os dias temos ao menos 3 refeições;Trabalha por conta própria;9;Menos de 1 hora;4;3;3;2;2;2;2;2;2;1;1;1;1;Arrumar a casa;Nenhum;Nenhum;E.M. Professora Amelia
1º A;14;Masculino;;Cristão;Não ;Bicicleta;Até 10 minutos;Não;Não;O seu responsável te acorda;Até 1000 reais;Não;Vivem separados;Própria;Estudou até o Ensino Médio;Todos os dias temos ao menos 3 refeições;Está desempregado;9;Menos de 1 hora;9;9;9;9;9;9;9;9;9;9;9;9;9;Arrumar a casa;Nenhum;Nenhum;E.M. Professora Amelia
3º B;17;Feminino;Heterossexual;;Não ;Carro próprio;Até 10 minutos;Sim;Não;O seu responsável te acorda;Até 1000 reais;Sim;Vivem separados;Alugada;Estudou até o Ensino Médio;Todos os dias temos ao menos 3 refeições;Trabalha por conta própria;10;Não estudo em casa.;9;9;9;9;9;9;9;9;9;9;10;10;10;Somente Lazer;Nenhum;Nenhum;E.M. Professora Amelia
1º A;14;Masculino;Gay;Católica ;Não ;A Pé;De 30 minutos a uma hora;Não;As vezes;Você acorda sozinho;De 2000 a 3000 reais;Não;Vivem juntos;Cedida;Pós Graduação;Todos os dias temos ao menos 3 refeições;Tem emprego fixo;10;Três horas;10;5;5;8;7;10;10;10;10;4;4;4;7;Estudar, Tocar na banda;Cinco ou mais;Os indicados na escola, Livros literários de minha preferência, Livros científicos;Ecovam
1º C;17;Masculino;Heterossexual;Não sei;Não ;Carona;De 20 a 30 minutos;Não;Não;O seu responsável te acorda;De 1000 a 2000 reais;Não;Vivem juntos;Própria;Estudou até o Ensino Médio;Todos os dias temos ao menos 3 refeições;Tem emprego fixo;9;Não estudo em casa.;5;6;1;7;1;4;3;5;3;1;1;5;3;Somente Lazer;Três;Livros literários de minha preferência;Marieta Telles
3º B;16;Feminino;Heterossexual ;Não tem;Não ;A Pé;De 20 a 30 minutos;Não;As vezes;Você acorda sozinho;De 1000 a 2000 reais;Não;Vivem juntos;Alugada;Estudou até o 9º ano;Todos os dias temos ao menos 3 refeições;Tem emprego fixo;5;Não estudo em casa.;1;0;0;5;8;4;3;1;1;0;1;1;1;Trabalho;Nenhum;Nenhum;Presidente Arthur
1º B;15;Masculino;Heterossexual;;Não ;A Pé;De 10 a 20 minutos;Não;Não;Você acorda sozinho;De 2000 a 3000 reais;Não;Pai ou Mãe falecido;Própria;Estudou até o Ensino Médio;Todos os dias temos ao menos 3 refeições;Trabalha por conta própria;10;Duas horas;6;4;6;9;6;9;9;9;9;10;9;7;8;Arrumar a casa;Quatro;Os indicados na escola, Livros literários de minha preferência;Presidente Arthur
1º B;15;Masculino;Heterossexual;Evangélica;Não ;A Pé;De 10 a 20 minutos;Não;Não;Você acorda sozinho;Até 1000 reais;Sim;Vivem separados;Alugada;Estudou até o Ensino Médio;Todos os dias temos ao menos 3 refeições;Tem emprego fixo;9;Menos de 1 hora;8;4;6;10;10;9;5;10;6;3;10;10;5;Arrumar a casa, Fazer atividade Física;Três;Livros científicos;Presidente Arthur
1º C;15;Feminino;Heterossexual;Católica ;;A Pé;Até 10 minutos;Não;Não;Você acorda sozinho;De 1000 a 2000 reais;Não sei;Vivem juntos;Própria;Estudou até o Ensino Médio;Todos os dias temos ao menos 3 refeições;Tem emprego fixo;9;Uma hora;8;8;3;9;10;9;10;8;7;7;7;8;9;Estudar, Fazer atividade Física;Um;Livros literários de minha preferência;Ecovam
2º A;16;Masculino;Heterossexual;Não tem;Não ;Carro próprio;De 10 a 20 minutos;Não;Sim;O seu responsável te acorda;De 1000 a 2000 reais;Não;Vivem juntos;Própria;Estudou até o Ensino Médio;Todos os dias temos ao menos 3 refeições;Tem emprego fixo;5;Menos de 1 hora;5;6;0;10;6;4;5;3;5;3;4;3;5;Arrumar a casa;Três;Livros literários de minha preferência, Mangas e rede social se aplicativos ;Amelia 
2º A;17;Masculino;;;Não ;Carro próprio;De 20 a 30 minutos;Sim;Não;Você acorda sozinho;De 1000 a 2000 reais;Não;Vivem juntos;Própria;Estudou até o Ensino Médio;Todos os dias temos ao menos 3 refeições;Trabalha por conta própria;10;Uma hora;7;3;2;4;6;6;6;6;6;6;6;6;6;Arrumar a casa, Olhar os meus irmãos, Estudar, Fazer atividade Física;Dois;Os indicados na escola;Araújo Lima
3º B;17;Feminino;Heterossexual;Evangélica ;Não ;A Pé;Até 10 minutos;Não;As vezes;Você acorda sozinho;De 1000 a 2000 reais;Sim;Vivem separados;Alugada;Ensino Superior;Todos os dias temos ao menos 3 refeições;Tem emprego fixo;10;Não estudo em casa.;8;6;2;10;10;6;8;8;6;10;7;6;6;Arrumar a casa;Cinco ou mais;Manga;Eldorado 
2º C;16;Masculino;Heterossexual;Evangélica;Sim;A Pé;Até 10 minutos;Não;Não;Você acorda sozinho;Até 1000 reais;Não sei;Vivem separados;Própria;Pós Graduação;Todos os dias temos ao menos 3 refeições;Tem emprego fixo;6;Uma hora;9;6;5;9;9;9;8;7;9;5;6;5;8;Arrumar a casa, Estudar;Dois;Os indicados na escola;Em outra cidade 
1º A;14;Feminino;Bissexual;Não tem;Não ;A Pé;De 30 minutos a uma hora;Não;Não;Você acorda sozinho;De 1000 a 2000 reais;Sim;Vivem separados;Alugada;Estudou até o 9º ano;Todos os dias temos ao menos 3 refeições;Tem emprego fixo;8;Não estudo em casa.;4;0;0;4;9;7;8;8;7;3;3;5;5;Trabalho;Nenhum;Nenhum;Outro estado 
2º C;16;Feminino;Não sei;Cristão;Sim ;Carro próprio;De 10 a 20 minutos;Sim;As vezes;O seu responsável te acorda;De 1000 a 2000 reais;Não;Vivem separados;Própria;Ensino Superior;Todos os dias temos ao menos 3 refeições;Tem emprego fixo;8;Não estudo em casa.;2;2;1;5;3;3;2;2;2;3;2;2;1;Olhar os meus irmãos, Somente Lazer;Quatro;Livros literários de minha preferência;Araújo Lima
2º C;16;Masculino;Heterossexual;Cristão ;Não ;A Pé;De 10 a 20 minutos;Não;Não;O seu responsável te acorda;De 1000 a 2000 reais;Não sei;Vivem juntos;Alugada;Estudou somente até o 5º ano;Todos os dias temos ao menos 3 refeições;Trabalha por conta própria;8;Não estudo em casa.;6;10;10;0;0;5;7;7;5;8;9;8;7;Trabalho, Estudar;Nenhum;Nenhum;Presidente Arthur
2º A;16;Masculino;;;;Bicicleta;Até 10 minutos;Sim;Não;Você acorda sozinho;De 1000 a 2000 reais;Não;Vivem juntos;Própria;Pós Graduação;Todos os dias temos ao menos 3 refeições;Trabalha por conta própria;8;Duas horas;7;6;4;8;9;8;9;7;7;8;6;7;8;Fazer atividade Física;Quatro;Os indicados na escola;Ecovam
2º C;16;Masculino;Heterossexual;Cristão;Não ;Carro próprio;De 20 a 30 minutos;Não;Não;Você acorda sozinho;De 1000 a 2000 reais;Não sei;Vivem juntos;Própria;Estudou até o Ensino Médio;Todos os dias temos ao menos 3 refeições;Tem emprego fixo;9;Menos de 1 hora;7;5;8;9;10;6;8;8;5;6;4;4;6;Arrumar a casa;Dois;Livros literários de minha preferência;Presidente Arthur
1º A;14;Feminino;;Cristão;Não ;A Pé;Até 10 minutos;Não;Não;Você acorda sozinho;Até 1000 reais;Sim;Não conhece pai ou mãe;Própria;Ensino Superior;Todos os dias temos ao menos 3 refeições;Está desempregado;10;Uma hora;8;5;9;7;9;8;7;7;5;9;4;4;7;Estudar, Fazer atividade Física, Somente Lazer;Dois;Os indicados na escola, Livros literários de minha preferência;Jalles Machado de Siqueira 
2º C;16;Masculino;Heterossexual;Ateu;Não ;Carro próprio;De 10 a 20 minutos;Não;Não;O seu responsável te acorda;De 2000 a 3000 reais;Não;Vivem juntos;Alugada;Estudou até o Ensino Médio;Todos os dias temos ao menos 3 refeições;Tem emprego fixo;10;Uma hora;6;6;1;7;9;6;7;6;6;6;6;6;7;Arrumar a casa;Três;Livros literários de minha preferência;Araújo Lima
3º A;17;Feminino;Heterossexual;Evangélica;Não ;A Pé;De 10 a 20 minutos;Não;Não;O seu responsável te acorda;De 3000 a 5000 reais;Sim;Vivem separados;Cedida;Estudou até o Ensino Médio;Todos os dias temos ao menos 3 refeições;Possui o próprio negócio;9;Não estudo em casa.;3;0;0;1;10;4;4;2;0;0;0;0;2;Trabalho;Nenhum;Nenhum;Presidente Arthur
3º A;17;Masculino;Heterossexual;Cristão;Não ;Transporte coletivo;De 30 minutos a uma hora;Sim;As vezes;Você acorda sozinho;Até 1000 reais;Sim;Vivem juntos;Alugada;Estudou até o Ensino Médio;Todos os dias temos ao menos 3 refeições;Tem emprego fixo;10;Uma hora;5;9;10;10;10;7;7;6;7;8;8;0;6;Arrumar a casa, Estudar, Fazer atividade Física;Quatro;Os indicados na escola, Livros literários de minha preferência, Livros religiosos, Livros científicos, Auto-Ajuda;Antonio Alves Fortes
2º A;16;Masculino;Heterossexual;;Não ;A Pé;Até 10 minutos;Não;Não;Você acorda sozinho;De 1000 a 2000 reais;Não;Vivem separados;Própria;Estudou até o Ensino Médio;Todos os dias temos ao menos 3 refeições;Trabalha ocasionalmente;10;Menos de 1 hora;7;7;9;10;10;9;8;8;8;8;8;7;9;Somente Lazer;Três;Os indicados na escola;Ecovam
1º A;15;Feminino;Não sei ;Cristão;Não ;A Pé;De 20 a 30 minutos;Sim;As vezes;Você acorda sozinho;De 5000 a 10000 reais;Não sei;Vivem separados;Alugada;Estudou até o Ensino Médio;Todos os dias temos ao menos 3 refeições;Trabalha por conta própria;3;Não estudo em casa.;5;5;4;7;9;6;4;3;8;5;5;5;5;Arrumar a casa, Fazer atividade Física, hábitos,escrever,ler,desenhar e pintar;Dois;Auto-Ajuda;Presidente Arthur
2º B;17;Masculino;Heterossexual;Politeista;Não ;Transporte coletivo;De 30 minutos a uma hora;Sim;As vezes;Você acorda sozinho;Até 1000 reais;Não;Vivem juntos;Própria;Estudou até o Ensino Médio;Todos os dias temos ao menos 3 refeições;Tem emprego fixo;10;Uma hora;6;4;0;5;6;6;5;4;3;5;4;4;4;Arrumar a casa, Estudar;Cinco ou mais;Livros literários de minha preferência;Presidente Arthur
2º C;16;Masculino;Bissexual;;;A Pé;De 20 a 30 minutos;Não;As vezes;Você acorda sozinho;De 2000 a 3000 reais;Não sei;Pai ou Mãe falecido;Própria;Estudou somente até o 5º ano;Todos os dias temos ao menos 3 refeições;Tem emprego fixo;7;Menos de 1 hora;8;7;8;9;10;10;7;7;7;5;5;6;9;Arrumar a casa, Somente Lazer;Dois;Os indicados na escola, Livros científicos;Ecovam
2º B;16;Masculino;Heterossexual;;Não;A Pé;Até 10 minutos;Não;Não;Você acorda sozinho;De 2000 a 3000 reais;Não;Vivem separados;Própria;Estudou até o Ensino Médio;Todos os dias temos ao menos 3 refeições;Tem emprego fixo;10;Uma hora;8;7;7;10;10;10;9;9;9;7;6;6;9;Estudar;Dois;Livros literários de minha preferência;Ecovam
1º B;15;Masculino;Heterossexual;Católica;Não;Bicicleta;De 10 a 20 minutos;Não;Não;Você acorda sozinho;De 1000 a 2000 reais;Não;Vivem separados;Cedida;Ensino Superior;Todos os dias temos ao menos 3 refeições;Possui o próprio negócio;8;Uma hora;6;6;8;7;8;8;9;7;7;7;7;7;9;Arrumar a casa, Somente Lazer;Quatro;Os indicados na escola;Ecovam
1º B;15;Masculino;Heterossexual;Católica ;;A Pé;Até 10 minutos;Não;Não;O seu responsável te acorda;Até 1000 reais;Não;Vivem separados;Própria;Estudou até o Ensino Médio;Todos os dias temos ao menos 3 refeições;Trabalha ocasionalmente;10;Menos de 1 hora;8;8;8;10;10;8;10;10;10;8;8;8;10;Arrumar a casa, Estudar;Três;Os indicados na escola, Livros literários de minha preferência, Livros religiosos, Livros científicos;Ecovam
3º A;17;Masculino;Heterossexual;;;Carona;De 10 a 20 minutos;Não;Não;O seu responsável te acorda;Até 1000 reais;Não sei;Vivem separados;Alugada;Estudou até o Ensino Médio;Todos os dias temos ao menos 3 refeições;Tem emprego fixo;5;Uma hora;6;5;2;7;7;6;4;5;6;5;6;7;6;Arrumar a casa, Olhar os meus irmãos, Estudar;Um;Os indicados na escola;Ecovam
;;;;;;Bicicleta;De 10 a 20 minutos;Sim;As vezes;Você acorda sozinho;De 1000 a 2000 reais;Sim;Pai ou Mãe falecido;Alugada;Estudou até o Ensino Médio;Todos os dias temos ao menos 3 refeições;Tem emprego fixo;9;Menos de 1 hora;6;3;6;6;7;6;5;5;4;7;5;3;5;Fazer atividade Física;Cinco ou mais;Livros literários de minha preferência;Presidente Arthur
